{"type": "FeatureCollection", "features": [{"type": "Feature", "properties": {"name": null, "description": null}, "geometry": {"type": "Polygon", "coordinates": [[[-34.9162480771088, -7.98492211773715], [-34.9162604502119, -7.98495089561162], [-34.9162828200274, -7.9849763011087], [-34.9163117612344, -7.98497949398325], [-34.9163489340087, -7.98495824977206], [-34.9163577748927, -7.98494545424067], [-34.9163666106041, -7.98493154944369], [-34.9163776951288, -7.98492262557772], [-34.9164077310053, -7.98492193221729], [-34.9164511199924, -7.98492173117565], [-34.9164850717036, -7.98492545591911], [-34.9165234778517, -7.98493026840437], [-34.9165763576427, -7.98493723239635], [-34.9166135163419, -7.98494253613681], [-34.9166261278866, -7.98494367558343], [-34.91664429028, -7.98495133565077], [-34.9166672031117, -7.98497396492989], [-34.916704699111, -7.985022035759], [-34.9167260311786, -7.98506352756363], [-34.9167346419677, -7.98512060475372], [-34.9167409082543, -7.98515218367626], [-34.9167410892857, -7.9851910007278], [-34.9167301107944, -7.9852226595688], [-34.9167163413915, -7.98525211366957], [-34.9167003412752, -7.98528046972294], [-34.9166848970849, -7.98530882229579], [-34.9166677049261, -7.98531999214968], [-34.9166465658933, -7.98532009011321], [-34.9166315337243, -7.98531738790821], [-34.916610933427, -7.98531360131274], [-34.9165970286335, -7.9853142199418], [-34.9165820636962, -7.98532593456818], [-34.916554829961, -7.98533105212033], [-34.9165259498807, -7.98534116684179], [-34.9165098850981, -7.98535565933428], [-34.9164933109281, -7.98538013598313], [-34.916476655687, -7.98538742218616], [-34.9164543763402, -7.9853814256891], [-34.9164427229456, -7.98538757942399], [-34.9164328028979, -7.98540758808015], [-34.9164245266063, -7.98542204448055], [-34.9163979858381, -7.9854565491067], [-34.9163925728586, -7.98548873725389], [-34.9163743083751, -7.98550878457533], [-34.9163652936804, -7.98551503728236], [-34.9163493561446, -7.9855260910173], [-34.9163283498734, -7.98555446935695], [-34.9163223628587, -7.98558277900745], [-34.9163208234389, -7.98561051295287], [-34.9163147734561, -7.98562551322972], [-34.916302072827, -7.98564553476941], [-34.9162916045962, -7.98566721035133], [-34.9162864031219, -7.98569613474369], [-34.9162863208675, -7.98569619388913], [-34.9162873509254, -7.98570937492489], [-34.9162707318649, -7.98572442417419], [-34.9162568693359, -7.98573391601126], [-34.9162408122855, -7.98575007194521], [-34.9162230839395, -7.98576568052593], [-34.9162058856724, -7.98577574201057], [-34.9161959423382, -7.98579076032663], [-34.9161860093478, -7.98580799717378], [-34.9161805222776, -7.98582410413167], [-34.9161900768346, -7.98584513184266], [-34.9161974248537, -7.98587005183838], [-34.9162008941374, -7.98589831767441], [-34.9161965551318, -7.98592218253171], [-34.9161688808559, -7.98595225524818], [-34.9161583764161, -7.98596616777892], [-34.9161590564581, -7.98599278215294], [-34.9161659597281, -7.98604154896258], [-34.9161721846379, -7.98606425648696], [-34.9161739852129, -7.98609252915088], [-34.9161830588307, -7.9861296406229], [-34.916186049756, -7.98617454440165], [-34.9161841095451, -7.98623555256299], [-34.916186517775, -7.98627491349778], [-34.916190041365, -7.98631482345686], [-34.9162001501964, -7.98633529440336], [-34.9162269806378, -7.98636289689085], [-34.9162722514405, -7.98640815894018], [-34.9162985388878, -7.98643853670848], [-34.9163175869008, -7.98646728363615], [-34.9163218500598, -7.98649872358173], [-34.9163233403256, -7.98650829254657], [-34.9163434778469, -7.98653204397659], [-34.9163849035624, -7.98658786071788], [-34.9164139932049, -7.98662266174111], [-34.9164475045951, -7.98665134162921], [-34.9164926504075, -7.98666998670091], [-34.9165444486928, -7.98668361048853], [-34.91657894355, -7.9866845589974], [-34.9166167447947, -7.98667883915533], [-34.9166618388813, -7.98668639336181], [-34.9167069380808, -7.98669407139635], [-34.9167414588653, -7.98670155074498], [-34.9167715449172, -7.98671139308215], [-34.9168039021756, -7.98673120668279], [-34.9168251722956, -7.98675938908239], [-34.9168319747951, -7.98678653016006], [-34.9168221530513, -7.9868276112487], [-34.9168135604876, -7.98689364067218], [-34.9168127736464, -7.98696351506791], [-34.9168113196446, -7.987009548717], [-34.9167964762463, -7.98704732612154], [-34.9167699422912, -7.98708349333233], [-34.9167384056946, -7.98712023882861], [-34.9167235441786, -7.98715413425679], [-34.9167126145666, -7.98719374775857], [-34.9167088007449, -7.98721548201005], [-34.9167086655683, -7.98721625018878], [-34.916772213606, -7.9872109127298], [-34.9167722806834, -7.98721090518633], [-34.9171517020208, -7.98716422765388], [-34.9171517700094, -7.98716422101015], [-34.9172801002425, -7.98715352305297], [-34.9172801673537, -7.9871535227418], [-34.9173759063923, -7.98716093604457], [-34.917375973533, -7.98716094206172], [-34.9175280897935, -7.98717707579458], [-34.9175281569342, -7.98717708181171], [-34.9178820090417, -7.98720463750147], [-34.9178820770809, -7.98720464170621], [-34.9182415332407, -7.98722543489241], [-34.9182416012757, -7.98722543819306], [-34.9183519702244, -7.98722941574751], [-34.9183520373693, -7.98722942266848], [-34.918522259797, -7.9872623228887], [-34.9187580452662, -7.98732637212416], [-34.9188370752732, -7.98736082363761], [-34.919095816235, -7.98751461932788], [-34.9193190683933, -7.98765308116839], [-34.9193196886784, -7.9876542345879], [-34.919321161266, -7.98765514899414], [-34.9193523386558, -7.98771318264309], [-34.9193459038675, -7.98778284900702], [-34.9192567010709, -7.98798318798203], [-34.919160675137, -7.98817007902197], [-34.9191083924258, -7.98824287020459], [-34.9190695889597, -7.98827188547166], [-34.9190053923915, -7.98827779950279], [-34.9188599066887, -7.98824814790365], [-34.9188136642228, -7.98823825417218], [-34.9188131377976, -7.98823913807876], [-34.9188129017857, -7.98823909306685], [-34.9188128391667, -7.98823908431678], [-34.9188027758766, -7.9882559773693], [-34.9188096689432, -7.98828402563745], [-34.9189471447218, -7.98852823909746], [-34.9190241659556, -7.98872728847114], [-34.9192759373829, -7.98889042442627], [-34.9195526490709, -7.9890703359174], [-34.9196859879026, -7.98915283011912], [-34.9197786138695, -7.98920294351095], [-34.9199366836453, -7.98927296871816], [-34.9200500978365, -7.9893540202059], [-34.9200814652146, -7.98937891076489], [-34.920217199197, -7.9894918135748], [-34.920218376152, -7.98949311990484], [-34.9202192911609, -7.98949387778054], [-34.9203478335761, -7.98963633705619], [-34.920451309515, -7.9896928901229], [-34.9208370194383, -7.99001232363691], [-34.9211378893897, -7.99026027068439], [-34.921345833127, -7.99046005327334], [-34.9213465303327, -7.99046078051583], [-34.9213479260209, -7.99046212017869], [-34.9215556313702, -7.99067836490945], [-34.9218623096945, -7.99096786750044], [-34.9218634269651, -7.99096901498585], [-34.9221272351201, -7.99123956676136], [-34.9221277195534, -7.99123998218556], [-34.9222154771425, -7.99131553160865], [-34.9223456071225, -7.99143398060189], [-34.922574107225, -7.9916261032755], [-34.9225757457815, -7.99162778805862], [-34.9227394064301, -7.99179605476929], [-34.9227396849071, -7.99179625869588], [-34.9227571191201, -7.99180889141653], [-34.9227953983176, -7.9918366289662], [-34.9228456788858, -7.99187305928558], [-34.9228466051411, -7.99187427998091], [-34.9228934876483, -7.99193612845957], [-34.9236147678282, -7.99266174519421], [-34.9236153799996, -7.99266232365652], [-34.9236267287489, -7.9926730246472], [-34.9236288234624, -7.99267508791078], [-34.9236571367441, -7.99270288439801], [-34.9236591904349, -7.99270490264918], [-34.9236014156287, -7.99275731792783], [-34.9234662118438, -7.99287998218718], [-34.9234656225024, -7.99288059878894], [-34.9234653867922, -7.99288081234088], [-34.9233844076213, -7.99296549040766], [-34.9233084210195, -7.9930946793475], [-34.923246401688, -7.99326365796475], [-34.9231822418758, -7.99340861385076], [-34.9230750064779, -7.99367951087885], [-34.9230403484661, -7.99377510775877], [-34.923034295191, -7.99384512032705], [-34.9230537778239, -7.99393277615549], [-34.9230830434093, -7.99403258224845], [-34.9231203530303, -7.99417563921647], [-34.9231659088851, -7.99435031444182], [-34.9231920488322, -7.99448062185932], [-34.9232038295074, -7.99461099340612], [-34.9231963589538, -7.99471918841704], [-34.9231666227177, -7.99484339316065], [-34.9231303125215, -7.99492627216839], [-34.9230528710231, -7.99508569164292], [-34.9230400439758, -7.99510888722179], [-34.9229990743701, -7.99518296788453], [-34.9229547789387, -7.99524987401844], [-34.9228157471001, -7.99538340847643], [-34.9228156669218, -7.99538352366562], [-34.9228149220431, -7.99538423863027], [-34.9227546911214, -7.9954704094713], [-34.9226961234259, -7.99557088930505], [-34.9225984376965, -7.99583697210279], [-34.9225597065026, -7.99595330456012], [-34.9225040289236, -7.99612053507514], [-34.9224332642013, -7.99638339616245], [-34.9223729122725, -7.99660757637473], [-34.9223205297669, -7.99680215935346], [-34.922245019195, -7.99703314630148], [-34.9221774752192, -7.99721224816337], [-34.9221774178745, -7.99721239760066], [-34.9220653461285, -7.99750956668754], [-34.922055969292, -7.99753243611222], [-34.9220320802424, -7.99759071109475], [-34.921921868275, -7.99785956260366], [-34.9218881403291, -7.99795340582352], [-34.9217296573515, -7.99840344739697], [-34.921691667637, -7.99846883698439], [-34.9215888686002, -7.99862011403221], [-34.9215012312919, -7.99869437930871], [-34.9215011517403, -7.99869443482676], [-34.9215012264812, -7.99869451403652], [-34.9215004062266, -7.99869520946196], [-34.9215003266749, -7.99869526498004], [-34.9215873563234, -7.99878695418027], [-34.9215890746238, -7.99881398490558], [-34.9214374320626, -7.99896497212866], [-34.9213103465813, -7.99908644762259], [-34.921309872745, -7.99908694163789], [-34.9213095215148, -7.99908727777574], [-34.9212244984571, -7.99917599406754], [-34.9211764963446, -7.99921146866535], [-34.921176661872, -7.9992115673421], [-34.9211756712776, -7.99921229881834], [-34.9211783788193, -7.99921390991789], [-34.9211785925538, -7.99921403820444], [-34.9212983028986, -7.99928528368529], [-34.9215097024946, -7.99946417955597], [-34.9215281240712, -7.99947976846922], [-34.9215509427594, -7.99949907973826], [-34.9215628590337, -7.99950969131975], [-34.9215658672481, -7.99951237052325], [-34.9215659036778, -7.99951240289994], [-34.9215771218595, -7.99952210191392], [-34.9215771543652, -7.99952207102446], [-34.9215771898795, -7.99952210159736], [-34.9216163588369, -7.99948500820501], [-34.9216164579305, -7.99948486490181], [-34.9216165876565, -7.99948467806104], [-34.9216171158832, -7.99948417836783], [-34.9216412514593, -7.99944946663308], [-34.9216540723787, -7.99942086116685], [-34.9216553855307, -7.99941793221884], [-34.9216702478282, -7.99937980289093], [-34.9216885710461, -7.99933934847748], [-34.9217064174625, -7.99930533863694], [-34.9217314180049, -7.99928664377722], [-34.9217461244153, -7.99927564610809], [-34.9217899511207, -7.99924545434369], [-34.9218361517433, -7.99922793914713], [-34.9218880858988, -7.99921386343568], [-34.921888152054, -7.99921385227897], [-34.9219597665737, -7.99920199573631], [-34.9219598336655, -7.99920199090366], [-34.9220129952557, -7.99920289430817], [-34.9220130632799, -7.9992028948956], [-34.9220742634671, -7.99919108229324], [-34.9220743305462, -7.99919107474852], [-34.9221124326704, -7.9991885947249], [-34.9221125006818, -7.99918859260018], [-34.9221586832442, -7.99916761579936], [-34.9222025432346, -7.99914434535101], [-34.9222032244525, -7.99914359180743], [-34.9222032984567, -7.9991435137135], [-34.9222255665429, -7.99911886654542], [-34.9222260902337, -7.99911836687276], [-34.9222658827067, -7.99908061509235], [-34.922315423509, -7.99903540460934], [-34.92231603093, -7.9990347734577], [-34.9223499669726, -7.998999489004], [-34.9223500597384, -7.99899935025052], [-34.9223507240164, -7.99899865916597], [-34.9223739976289, -7.99896369647609], [-34.9223741232899, -7.99896361000507], [-34.9224110027211, -7.9989380766269], [-34.9224256114968, -7.9989267665894], [-34.9224388439759, -7.99891652161697], [-34.9224963262226, -7.99888587475921], [-34.9225088552901, -7.99887919597154], [-34.9225556083525, -7.99885320616709], [-34.9225753999807, -7.99884220559263], [-34.9226433643397, -7.99881515057223], [-34.9226486573992, -7.99881071952435], [-34.9226841296442, -7.99878102133614], [-34.922684868883, -7.99878026300161], [-34.9226849501509, -7.99878018668194], [-34.9227088007728, -7.99875572379096], [-34.9227096176348, -7.99875488553739], [-34.922719384798, -7.99874486734171], [-34.9227201354666, -7.99874403210857], [-34.922733100482, -7.99872955103377], [-34.9227338493283, -7.99872871400098], [-34.9227474377992, -7.99871354022299], [-34.9227476366799, -7.9987134018794], [-34.9227710509084, -7.99869781077671], [-34.9227899462986, -7.99868522864263], [-34.9227997634959, -7.99867853354687], [-34.9228415591149, -7.99865002638872], [-34.9228430806362, -7.99864898595979], [-34.9228437809399, -7.99864824136739], [-34.9228670344117, -7.99862350822496], [-34.9228670803219, -7.99862343478214], [-34.9228677914537, -7.99862267838643], [-34.9228811044369, -7.99860136187982], [-34.9228943345782, -7.9985625629976], [-34.9228975021812, -7.99850829816614], [-34.9229093931154, -7.99846551227654], [-34.9229185249191, -7.99843894184457], [-34.9229299955135, -7.99841812753599], [-34.9229364784754, -7.99840866345341], [-34.9229366482834, -7.99840851439636], [-34.9229389253535, -7.99840651937511], [-34.9229391344054, -7.99840622910162], [-34.9229392506494, -7.99840606854119], [-34.9229396823951, -7.99840568953656], [-34.9229555433134, -7.9983836677485], [-34.9229725026805, -7.99836012654019], [-34.9229820487829, -7.99834687192339], [-34.9230058270579, -7.99830407859076], [-34.9230059205947, -7.99830391090358], [-34.9230269566623, -7.99826526913906], [-34.9230276249602, -7.99826427517436], [-34.9230436560596, -7.99822844665463], [-34.9230608164675, -7.99818684676535], [-34.9230621533165, -7.99818123625638], [-34.9230657683502, -7.99815896863573], [-34.923069125528, -7.99814496173061], [-34.9230817328228, -7.99813195322719], [-34.9230825578833, -7.99813112307179], [-34.923102954201, -7.99811059898539], [-34.9231037130598, -7.99810977004232], [-34.9231042752251, -7.99810915899022], [-34.9231050359105, -7.99810833275081], [-34.9231282662393, -7.99808312146267], [-34.9231290278315, -7.99808229521903], [-34.9231334042768, -7.99807754659073], [-34.9231477798602, -7.9980627416156], [-34.9231479168194, -7.99806255022059], [-34.9231485369008, -7.99806191177689], [-34.9231618636187, -7.99804333812974], [-34.9231820198693, -7.99801513424511], [-34.9232001846994, -7.9979945283345], [-34.9232004701363, -7.99799428110013], [-34.9232196008407, -7.99797773354715], [-34.9232425546012, -7.99795911506259], [-34.9232850560818, -7.9979287494594], [-34.9232856208106, -7.99792810494493], [-34.923285733575, -7.99792797604289], [-34.923285813122, -7.99792791962058], [-34.9233217312791, -7.99788695923158], [-34.9233466511843, -7.99784742062452], [-34.9233734095605, -7.99780751454139], [-34.9233735910606, -7.99780734463638], [-34.9234160154976, -7.99776770732131], [-34.9234526483881, -7.99773256937527], [-34.9234804282518, -7.99771632778562], [-34.92350512423, -7.99770835012684], [-34.9235202609312, -7.99770345825822], [-34.9235377404605, -7.99769376846686], [-34.9235545596309, -7.99768444427989], [-34.9235922567297, -7.99765615868074], [-34.9235925612159, -7.99765571879222], [-34.9235926341855, -7.99765561358113], [-34.9235930137687, -7.99765532884154], [-34.9236110560039, -7.9976292801335], [-34.9236278134302, -7.99761142911751], [-34.9236281069484, -7.99761116466821], [-34.9236600049701, -7.99758248297681], [-34.923725772381, -7.99752698543143], [-34.9237774640804, -7.99747635130733], [-34.923777765515, -7.99747603438544], [-34.9238055650386, -7.99744677600287], [-34.9238294802163, -7.9974216039938], [-34.9238297204587, -7.99742138951602], [-34.9238599602246, -7.99739437901479], [-34.9238952381379, -7.99736370619176], [-34.9238956384231, -7.99736338790526], [-34.9239029340629, -7.99735761854807], [-34.9239240194997, -7.99734094614913], [-34.9239521542931, -7.99732710316909], [-34.9239658346115, -7.99732051210834], [-34.9239902416625, -7.99730875679491], [-34.9240075351332, -7.99729633668546], [-34.9240416529658, -7.99727183767391], [-34.9240742129788, -7.99724837383677], [-34.9241044020649, -7.99723280536845], [-34.9241246167034, -7.99723100251035], [-34.9241246847187, -7.99723100128943], [-34.9241461475283, -7.99723214528128], [-34.9241462155648, -7.99723214858052], [-34.9241541995963, -7.99723257426157], [-34.9241542666961, -7.99723257123674], [-34.924174476531, -7.99722974409646], [-34.9241745435927, -7.99722973293531], [-34.9242119326712, -7.99722300880206], [-34.9242119988217, -7.99722299674105], [-34.9242194911353, -7.99722164913426], [-34.9242195572943, -7.99722163888138], [-34.9242220487991, -7.9972212783048], [-34.9242221158693, -7.99722126895172], [-34.9242586682184, -7.99721598074724], [-34.9242587362167, -7.99721597591008], [-34.9242796106513, -7.99720943359033], [-34.9242915765493, -7.99720568383901], [-34.9242918744999, -7.99720559114049], [-34.924292044752, -7.99720553700753], [-34.9242934174857, -7.99720468169725], [-34.9243307913052, -7.99718135995385], [-34.9243312781499, -7.99718074021117], [-34.9243313430629, -7.99718065763906], [-34.9243315483417, -7.99718053011389], [-34.9243575298282, -7.99714750029618], [-34.9243721413429, -7.99710972379327], [-34.9243785189056, -7.99707644087411], [-34.9243838154717, -7.99703253845742], [-34.9243882672924, -7.99702201432345], [-34.92439878195, -7.99699715787286], [-34.9244120087113, -7.9969576746257], [-34.9244142517294, -7.99692269867929], [-34.924404844246, -7.99689703190009], [-34.9244048069816, -7.99689701489654], [-34.9243909563862, -7.9968686430732], [-34.9243732719815, -7.99683753081974], [-34.924360742048, -7.99680570836511], [-34.9243442258271, -7.99675738908109], [-34.9243429595891, -7.99675368380701], [-34.9243398569318, -7.99673917812575], [-34.9243376861716, -7.99672902658464], [-34.9243292673855, -7.99669410031339], [-34.924327086089, -7.9966687425005], [-34.9243228325899, -7.99664167933699], [-34.9243234355512, -7.99662385113969], [-34.9243338923213, -7.99658026641579], [-34.9243375834875, -7.99656070972862], [-34.9243525554949, -7.99652670239236], [-34.9243567665308, -7.99651705089707], [-34.9243567880554, -7.99651699926526], [-34.9243688872308, -7.99648926051816], [-34.924385209312, -7.99644976014011], [-34.9243995009861, -7.99641746826682], [-34.9244134567236, -7.99640211917349], [-34.9244142128519, -7.99640128933792], [-34.9244326553615, -7.99637378050079], [-34.9244497108053, -7.99634387693802], [-34.9244629825583, -7.99631399100476], [-34.9244766430416, -7.99629370168444], [-34.9244851876351, -7.99628234844228], [-34.9244977837274, -7.99625981567947], [-34.9244988288322, -7.99625794663443], [-34.9245131085427, -7.99622291279687], [-34.9245222634283, -7.99619510278633], [-34.9245259552858, -7.99617588873621], [-34.9245251996236, -7.99616115152968], [-34.9245226333042, -7.99612756855112], [-34.9245252965072, -7.99610870283755], [-34.9245392614258, -7.9960798415931], [-34.9245616429417, -7.9960440521811], [-34.9245665679037, -7.99603617745689], [-34.9245907093628, -7.99600513159267], [-34.9245908828605, -7.99600499607904], [-34.9245996742335, -7.99599811227204], [-34.9246116510273, -7.99598857104976], [-34.9246161209773, -7.99598500991597], [-34.9246163473094, -7.99598473041037], [-34.9246165177429, -7.99598452168204], [-34.9246166430846, -7.99598436740747], [-34.9246168780114, -7.99598418007611], [-34.9246171043435, -7.99598390057049], [-34.9246230324004, -7.99597660971626], [-34.9246311609246, -7.99594983240654], [-34.924645435798, -7.99591377067339], [-34.9246610132333, -7.99586227776956], [-34.9246742431703, -7.99582347979044], [-34.9246931657084, -7.9957517438232], [-34.9247060429724, -7.99571123338667], [-34.9247234597839, -7.99568509898039], [-34.9247353926751, -7.99566310360774], [-34.9247394114671, -7.99564011628997], [-34.9247455265754, -7.99562397741613], [-34.9247593980276, -7.99557557712124], [-34.9247610107488, -7.99555260011104], [-34.9247652582022, -7.99553969382401], [-34.9247654411728, -7.99553771036417], [-34.9247937466182, -7.99545043867628], [-34.9248167666292, -7.99537946201543], [-34.924826418208, -7.9953583605416], [-34.9248359135714, -7.99533759881877], [-34.9248362266698, -7.99533416102148], [-34.9248479017047, -7.99530823960673], [-34.9248736768716, -7.99527108190301], [-34.9248817947921, -7.9952608073853], [-34.9248833818425, -7.99525150352411], [-34.924885945104, -7.99524633390818], [-34.9248946377394, -7.99521337109364], [-34.924893496386, -7.99520071050859], [-34.9248921492677, -7.99518575275759], [-34.9248961369761, -7.99515575187559], [-34.924902641988, -7.99513979109363], [-34.9249124618303, -7.99511569910404], [-34.9249170606019, -7.99510673288898], [-34.9249299941609, -7.99508152072269], [-34.9249356251582, -7.99506136464725], [-34.924935644818, -7.99506130217536], [-34.9249410153692, -7.9950420803052], [-34.924941642761, -7.99504048804134], [-34.9249614142937, -7.99499025122794], [-34.9249788354301, -7.99493255691423], [-34.9249945330873, -7.99488427739288], [-34.9249958618506, -7.99488023637416], [-34.9250084889136, -7.99484188600498], [-34.925013030442, -7.9948274830303], [-34.925016090333, -7.99481778627198], [-34.9250265022873, -7.99478477476408], [-34.9250416796844, -7.99476306080492], [-34.9250598940016, -7.99473700223875], [-34.9250701969216, -7.99471052398794], [-34.9250802910506, -7.99468458462672], [-34.9251042048878, -7.99462803714658], [-34.9251264393478, -7.99459030830082], [-34.9251362292463, -7.99457491985137], [-34.9251650776722, -7.99452957601161], [-34.9251797540602, -7.99450082265057], [-34.9251855326053, -7.99448950489773], [-34.9251947531545, -7.99444360702515], [-34.9252038185436, -7.99439788707182], [-34.9252039709427, -7.99439712062147], [-34.9252114855041, -7.99436475274725], [-34.9252121029672, -7.99436220403264], [-34.9252207427965, -7.99432649673577], [-34.9252447172493, -7.99428288066912], [-34.9252810389007, -7.9942309773906], [-34.9253075981325, -7.99420186760051], [-34.9253083551625, -7.99420103776042], [-34.9253131400659, -7.99419579360267], [-34.9253138970959, -7.99419496376253], [-34.9253326469632, -7.99416901028118], [-34.9253448979685, -7.99413537815406], [-34.9253489515121, -7.99412425467665], [-34.925358221668, -7.99408893770974], [-34.9253802767121, -7.99404313010084], [-34.9253880083205, -7.99402707048426], [-34.9254066993293, -7.9939881828698], [-34.9254164685379, -7.99397631583477], [-34.9254237055046, -7.99396752808118], [-34.9254257622043, -7.99395413477107], [-34.9254288556362, -7.99393399504339], [-34.9254518992022, -7.9938854742593], [-34.9254557141489, -7.99387743022305], [-34.9254942604222, -7.99379612553623], [-34.925507777325, -7.99377038539004], [-34.9255309808517, -7.99372619431396], [-34.9255311189868, -7.99372606077314], [-34.9255570441668, -7.99370099960763], [-34.9255571261747, -7.99370088802586], [-34.9255572901865, -7.99370066395833], [-34.9255578011955, -7.99370016976737], [-34.9255586428847, -7.99369902039892], [-34.9255723853387, -7.99366896863644], [-34.9255953468327, -7.993630799736], [-34.9256021711897, -7.99360539454491], [-34.9256228353629, -7.99357069709788], [-34.9256308367649, -7.99354989894209], [-34.9256468170304, -7.99350369111872], [-34.9256697090969, -7.99345052958849], [-34.9256789055921, -7.99343780003428], [-34.9256903236647, -7.99340545194034], [-34.9257028133204, -7.99335464605713], [-34.9257225652646, -7.99330026150243], [-34.925745930362, -7.99325997521661], [-34.925760935214, -7.99322063466908], [-34.9257645744465, -7.99321109523012], [-34.9257780243308, -7.99318692846181], [-34.9257895932939, -7.99316741643081], [-34.9258017633568, -7.9931468953779], [-34.9258049415257, -7.99314153756303], [-34.9258169856369, -7.99311678699451], [-34.9258207116912, -7.99310912940637], [-34.9258499226967, -7.99304966152702], [-34.92584993886, -7.99304962709741], [-34.9258522584085, -7.99304490251101], [-34.9258557686295, -7.99303918242797], [-34.9258721568555, -7.99301247601665], [-34.9259076070179, -7.99296333146115], [-34.925907806594, -7.99296314881471], [-34.9259327130234, -7.99294036610356], [-34.9259394399289, -7.99293421335098], [-34.92593959129, -7.99293399928701], [-34.9259397147191, -7.99293382422793], [-34.9259401969556, -7.99293338351055], [-34.925961873965, -7.99290271254803], [-34.9259628285892, -7.99289625129348], [-34.9259687345947, -7.99285623713939], [-34.9259932772557, -7.99280791639441], [-34.9260278210444, -7.99275425756271], [-34.92607544369, -7.9926905343304], [-34.9260756036374, -7.99269041063257], [-34.9260892625955, -7.99267988607366], [-34.926112729968, -7.99266180214269], [-34.926137397603, -7.99263993454471], [-34.9261377990556, -7.99263947973882], [-34.9261380426378, -7.99263920467289], [-34.9261381546288, -7.99263910470413], [-34.9262061734017, -7.99256206178509], [-34.9262544559981, -7.99250737155705], [-34.9262987401851, -7.99246105348917], [-34.926299105522, -7.9924606332059], [-34.9262994972103, -7.99246022364843], [-34.9263159220667, -7.99244133537985], [-34.9263367987703, -7.99241155864047], [-34.9263370100341, -7.99241135424185], [-34.926351518615, -7.99239731615239], [-34.9263668507415, -7.99238560850897], [-34.926367228457, -7.99238512036336], [-34.9263673258143, -7.99238499424496], [-34.9263676077665, -7.99238477866812], [-34.9263727776515, -7.9923780889257], [-34.9263997427176, -7.99234756416971], [-34.9264000290516, -7.99234731602628], [-34.926404785723, -7.99234321382433], [-34.9264051889338, -7.99234274725733], [-34.9264053873862, -7.99234251850881], [-34.9264055427478, -7.99234238398351], [-34.9264297391147, -7.99231440983289], [-34.9264561365856, -7.9922843044933], [-34.9264636565578, -7.99225311187929], [-34.9264805247906, -7.99222202395056], [-34.9264806764311, -7.9922218695532], [-34.9265080319585, -7.99219377037752], [-34.9265099899054, -7.9921925841623], [-34.9265206023729, -7.99218475072239], [-34.9265445802789, -7.99216704862331], [-34.9265780143408, -7.99214152028138], [-34.926578495075, -7.99214095300209], [-34.9265786186393, -7.99214080687221], [-34.9265787713649, -7.99214069044038], [-34.9266118482502, -7.99210166522895], [-34.926642471495, -7.99206971126705], [-34.9266427026851, -7.99206950135111], [-34.9266666658047, -7.99204768403158], [-34.9266669255198, -7.99204736820752], [-34.9266671275232, -7.99204712316927], [-34.9266674228285, -7.99204685419051], [-34.9266890072741, -7.99202063704745], [-34.9267004005435, -7.99200679880852], [-34.926725309827, -7.99195971128796], [-34.9267580215423, -7.99189254074451], [-34.9267798728496, -7.9918615416821], [-34.9267947653288, -7.99184041576636], [-34.9268041838332, -7.99182939926684], [-34.9268317215247, -7.99179896313813], [-34.9268324749074, -7.99179813060171], [-34.9268680970619, -7.99175881777532], [-34.9268688531737, -7.99175798703426], [-34.9269063819182, -7.99171195718573], [-34.9269265947505, -7.99167118020643], [-34.9269266978119, -7.99167111011323], [-34.9269554441066, -7.99165142937997], [-34.9269949680897, -7.99166357557096], [-34.9270022617704, -7.99167056068861], [-34.9270244270436, -7.99169178593342], [-34.9270340675302, -7.9917010184508], [-34.9270478122462, -7.9917151589604], [-34.927076735183, -7.99174490962404], [-34.9271012536026, -7.9917612284014], [-34.9271276124916, -7.99177877082892], [-34.9271420972692, -7.99178846623313], [-34.9271864795973, -7.99181817462789], [-34.9272122121235, -7.99183539902779], [-34.9273027388518, -7.991897881379], [-34.9273619086041, -7.9919393467994], [-34.9273932608586, -7.99196321694072], [-34.9274317489637, -7.99199251793794], [-34.9274808091157, -7.99201639226822], [-34.9274942408129, -7.99202547690269], [-34.9275334650462, -7.99205200622077], [-34.9275777844337, -7.99207061389608], [-34.9276102496352, -7.99207692830026], [-34.9276102795294, -7.99207692092836], [-34.9276103176537, -7.99207692798298], [-34.9276397700639, -7.99206914767232], [-34.9276603516425, -7.99205670581774], [-34.9276608737195, -7.99205605878743], [-34.9276609377368, -7.99205597893152], [-34.9276611086639, -7.99205587597535], [-34.9276709388832, -7.99204369853455], [-34.9276763544499, -7.99203699407474], [-34.9276782828237, -7.99203202088409], [-34.9276996626755, -7.99197692083453], [-34.9277430016087, -7.99191263887285], [-34.9277994727635, -7.99184291558635], [-34.9277997526841, -7.99184265391116], [-34.9278413973474, -7.99180365918216], [-34.9278448086475, -7.99180044470326], [-34.9278610732434, -7.99178511281194], [-34.9278971771521, -7.99175107828827], [-34.927948875586, -7.9917085081039], [-34.927949146818, -7.99170813436572], [-34.9279492468401, -7.99170799648196], [-34.9279496326062, -7.99170767826119], [-34.9279522061269, -7.99170412595543], [-34.9279902267779, -7.99165163423288], [-34.9279903722899, -7.99165152687491], [-34.9280557164543, -7.99160336650145], [-34.9280672852198, -7.99159871809474], [-34.9281075169867, -7.9915825493236], [-34.9281533177359, -7.99154000844691], [-34.928153379744, -7.99153988701361], [-34.9281534408537, -7.99153976739257], [-34.9281540747553, -7.99153917860405], [-34.9281548538828, -7.99153764891553], [-34.9281549219012, -7.99153764859818], [-34.9281555975506, -7.99153764544586], [-34.928155665569, -7.9915376451285], [-34.9281727220943, -7.99152757116481], [-34.928173547132, -7.99152674100453], [-34.9282120494947, -7.99148800049003], [-34.9282807114763, -7.99141595742766], [-34.9282807943391, -7.99141583499295], [-34.9282814684952, -7.99141512758469], [-34.9282990399796, -7.99138917953687], [-34.9283254041092, -7.99135201808939], [-34.9283365059656, -7.99133021641302], [-34.9283523218519, -7.99130721384695], [-34.9283567093142, -7.99128726246823], [-34.9283598030164, -7.99127319713257], [-34.9283598896851, -7.99127311265056], [-34.9283725260519, -7.99126077203459], [-34.9283790324748, -7.99125441958418], [-34.9283792309764, -7.99125420168356], [-34.9283797885821, -7.99125358884126], [-34.9283978077701, -7.99123375557307], [-34.9283985638773, -7.99123292483015], [-34.9284236772414, -7.99118048608271], [-34.9284517389717, -7.99112803448179], [-34.9284569771958, -7.9911133118328], [-34.9284600740884, -7.9910842824819], [-34.9284609315462, -7.9910762576609], [-34.9284642899665, -7.99103802827963], [-34.9284764962188, -7.99099976032596], [-34.928489863969, -7.99095795659869], [-34.9285157256061, -7.99089607054997], [-34.928527769422, -7.99086724716476], [-34.9285455413455, -7.99082489130003], [-34.9285715135322, -7.99076298755844], [-34.9286210283089, -7.99063224552016], [-34.9286344126138, -7.99059397116635], [-34.9286366822387, -7.99057514799337], [-34.9286365469717, -7.99054634256415], [-34.9286369662098, -7.99050989072103], [-34.9286432766582, -7.99047223701462], [-34.9286437143188, -7.99043990127028], [-34.9286500054427, -7.99039813237359], [-34.9286510160345, -7.99036226721826], [-34.9286467221507, -7.99032701354901], [-34.928648766328, -7.99025998605037], [-34.9286497011722, -7.99024082285093], [-34.9286536088509, -7.99016061088806], [-34.92865130579, -7.99004715759582], [-34.92865586986, -7.99001421676671], [-34.9286757652, -7.98998120169036], [-34.928681633934, -7.98997366970576], [-34.9286992140087, -7.98995111094006], [-34.9287208612147, -7.98991397331221], [-34.9287354603621, -7.98988333440716], [-34.9287400437418, -7.98985450696117], [-34.9287369076747, -7.98981454587486], [-34.9287391579795, -7.98979160841652], [-34.9287543282008, -7.98975685247081], [-34.9287677327096, -7.98972269240297], [-34.9287746694271, -7.98969267689062], [-34.9287786523122, -7.98966208842627], [-34.9287785004909, -7.98962975633793], [-34.9287866336625, -7.98960326378879], [-34.9287894807841, -7.98958149791984], [-34.9287918260989, -7.98954866417954], [-34.9287928005515, -7.98953503906695], [-34.9288126728449, -7.98949673534874], [-34.9288214544624, -7.98948588633795], [-34.9288384712941, -7.98946486891045], [-34.9288512927119, -7.98943149719203], [-34.9288759170488, -7.98939430047043], [-34.9288760859314, -7.98939414870437], [-34.9289091880111, -7.98936424796482], [-34.9289092625712, -7.98936409573485], [-34.9289093164719, -7.9893639860921], [-34.9289099450257, -7.9893634181218], [-34.9289454441294, -7.98929083999799], [-34.9289936467725, -7.98922024305825], [-34.929038322103, -7.98912255253677], [-34.9290586168704, -7.98907128443618], [-34.9290911735743, -7.98902973742619], [-34.9291269553535, -7.98898839505186], [-34.9291693350734, -7.98893374124935], [-34.9291771548005, -7.98889651535894], [-34.9292115861337, -7.98881519453273], [-34.9292418209686, -7.98875411981675], [-34.9292840108338, -7.98866889612066], [-34.9292874829742, -7.98866049114779], [-34.9293472466289, -7.98851585923854], [-34.929385535984, -7.98844130085436], [-34.9294318143622, -7.98836537802647], [-34.9295251460167, -7.98825822997312], [-34.9295251721768, -7.9882582000171], [-34.9295252140345, -7.98825822965568], [-34.9295482911376, -7.98827415454434], [-34.929548331173, -7.98827418238334], [-34.9295491209986, -7.98827338764503], [-34.9295491562023, -7.98827335222242], [-34.9295900393754, -7.98823221384691], [-34.9296312538425, -7.98819827837299], [-34.9297024852865, -7.9881492035452], [-34.9297812394844, -7.98810009540409], [-34.929848887899, -7.98808853224116], [-34.9299088884439, -7.98805075902087], [-34.9299463410197, -7.98801683927738], [-34.9300853801929, -7.98798994448367], [-34.9302355779118, -7.98793675361889], [-34.9303970954002, -7.98789100812315], [-34.9305849207775, -7.98784138879095], [-34.9308066861314, -7.98781035835819], [-34.9309457770779, -7.98779471317003], [-34.9311222842779, -7.98773764821374], [-34.9313609358491, -7.98767409920555], [-34.9315805410077, -7.9876080308466], [-34.9318547500839, -7.9875317635276], [-34.9319637525479, -7.98751625589589], [-34.9320802784358, -7.98751571140802], [-34.9320803464533, -7.98751571109017], [-34.932253480265, -7.98754114774323], [-34.9323589677367, -7.98757814785756], [-34.932509712405, -7.98764118212286], [-34.932630315037, -7.98769310892576], [-34.9328186996872, -7.98776346356421], [-34.9329314675745, -7.98774793987686], [-34.9330291157775, -7.98771749033925], [-34.9330299407973, -7.98771666017332], [-34.9330462407999, -7.98770025758809], [-34.9330470658195, -7.98769942742214], [-34.9330852667551, -7.98766098819435], [-34.933208871764, -7.98755167836302], [-34.9332092506204, -7.987551242644], [-34.9332094752262, -7.98755098393738], [-34.9332096287655, -7.9875508485149], [-34.9332531656855, -7.98750077984562], [-34.9329499982043, -7.98715910007186], [-34.9324012368941, -7.98652376161754], [-34.9321024019714, -7.98616734527017], [-34.9318654198058, -7.9858253034774], [-34.931767448693, -7.98563805598186], [-34.9317167293602, -7.98548871550497], [-34.9316465564326, -7.98526907677675], [-34.93159534191, -7.9850141544764], [-34.9315723940982, -7.98482655647981], [-34.931569827366, -7.98459340271015], [-34.9315794420099, -7.98444818046198], [-34.9316050247345, -7.98425742215498], [-34.9316307324111, -7.9840930608741], [-34.9316495115149, -7.98401965041099], [-34.9316754939158, -7.98391394497981], [-34.9317288745448, -7.98369079554083], [-34.931776627108, -7.9835219312703], [-34.9318617714855, -7.98317105367331], [-34.9319091647327, -7.98292593556192], [-34.9319232000801, -7.98278215816803], [-34.9319269239097, -7.98263549616075], [-34.9319232377483, -7.98247713769155], [-34.931900386679, -7.98231006950822], [-34.9318523076851, -7.98209619214538], [-34.9317792824194, -7.9818956304909], [-34.9317050007482, -7.98174053435629], [-34.9316367477006, -7.98161620500172], [-34.9315478579424, -7.98148317275653], [-34.9314546251261, -7.98136482639235], [-34.931354071035, -7.98125384517924], [-34.9308088558376, -7.98074459991833], [-34.930570966343, -7.98052134309459], [-34.9302460109923, -7.98023983499294], [-34.9300348688151, -7.98007364467557], [-34.9298178833044, -7.97991627976576], [-34.9295197512101, -7.97970796774594], [-34.9292911024144, -7.97957265442825], [-34.9290479848417, -7.97943943528835], [-34.9287704872147, -7.979289123099], [-34.9285698765779, -7.97917274162425], [-34.9283648953004, -7.97906517960849], [-34.9281509696411, -7.97893272966159], [-34.9279133230734, -7.97876079581498], [-34.9275500688475, -7.97846773120073], [-34.9273284668622, -7.97826639263066], [-34.9266144849686, -7.97752769257597], [-34.926289396209, -7.97721685119325], [-34.9261668418691, -7.97711916889515], [-34.9259720000165, -7.97697782938524], [-34.9257566540704, -7.97685564907892], [-34.9254500021193, -7.97671189653794], [-34.9252717355837, -7.97663905985555], [-34.9240070640605, -7.97611882582542], [-34.9235737268374, -7.97593753231432], [-34.9231521438722, -7.9757532508841], [-34.9228556529474, -7.97558012009226], [-34.9225869674721, -7.97537606390709], [-34.9223726487469, -7.97515855757673], [-34.9222128122632, -7.97495252931962], [-34.9220349272456, -7.97466153039864], [-34.9219368603048, -7.97445228247906], [-34.9218713959721, -7.97429420873837], [-34.9218162215392, -7.9741346217376], [-34.9215744390153, -7.97339078390878], [-34.9213355858645, -7.97264399933879], [-34.921126577995, -7.97198799685916], [-34.920848919642, -7.97112114279138], [-34.9206863972688, -7.97065409610922], [-34.920582264846, -7.97040528204864], [-34.9204665068525, -7.97018731607086], [-34.9201950288466, -7.96969877804258], [-34.920022182555, -7.96946150878818], [-34.9198722720117, -7.96925447087041], [-34.9193288943336, -7.96850176235955], [-34.9190209249295, -7.96807351592387], [-34.918530855248, -7.96739534855458], [-34.91800972525, -7.96668066132689], [-34.9175893074444, -7.96611215398161], [-34.9173776041938, -7.96582277411528], [-34.9170767037462, -7.9654467629815], [-34.9157795272547, -7.96409841903585], [-34.9152442877026, -7.96353615748729], [-34.9146559407516, -7.96291562788898], [-34.9143662040968, -7.96261047543529], [-34.9138991264638, -7.96212869772757], [-34.913532470736, -7.96173151165356], [-34.9131734574739, -7.96130061326635], [-34.9128268635551, -7.96071214567106], [-34.9126184193357, -7.96026121046799], [-34.9124795148376, -7.95996071076726], [-34.912486596003, -7.95992480646054], [-34.9123808671205, -7.95959796646919], [-34.9123006954319, -7.95924112098182], [-34.9122409257537, -7.95897384160587], [-34.912136930442, -7.95840505448285], [-34.9120036332272, -7.95767416153397], [-34.9119652455156, -7.95742765393942], [-34.9119652240127, -7.95742751481173], [-34.9119623318829, -7.95740850922171], [-34.9119525694951, -7.95734434535869], [-34.9119493238393, -7.95732498067312], [-34.9119483622744, -7.95731924516444], [-34.9118100116322, -7.9564937146082], [-34.9115080105457, -7.95553761048422], [-34.9113355015319, -7.9551628541275], [-34.9113252011322, -7.9551404779029], [-34.911105589644, -7.95466339406122], [-34.9110956731095, -7.95464185141846], [-34.9109553989355, -7.95433711936362], [-34.9108131950448, -7.95405565330241], [-34.9109294649506, -7.95464989519518], [-34.9138717679528, -7.97775538069362], [-34.9140750161914, -7.97935127101541], [-34.914235805941, -7.98041266190964], [-34.9144538429283, -7.98136685760382], [-34.914483423754, -7.98170946538603], [-34.9145579605514, -7.98201758740935], [-34.9145427024764, -7.98206002622963], [-34.9143753257856, -7.98250907624861], [-34.9143714837696, -7.98254367912889], [-34.9143822795062, -7.98256583397729], [-34.9146397439607, -7.98268952500323], [-34.9148865947941, -7.98283792881616], [-34.9149856469325, -7.98290397984615], [-34.915027394657, -7.9829383337191], [-34.9151322978238, -7.98297333184326], [-34.9152773123944, -7.9830689038717], [-34.9153469658057, -7.98312577990635], [-34.9154260399691, -7.98319990439466], [-34.9155024584569, -7.9832767018265], [-34.9155560501102, -7.98332301040969], [-34.9155598016806, -7.98332760468332], [-34.915581669131, -7.98336668025974], [-34.915657803361, -7.98362690146512], [-34.9156913706999, -7.98377352397398], [-34.9157271487987, -7.98395937996545], [-34.91575946469, -7.98402175013382], [-34.9157899192906, -7.98408113736097], [-34.9157969938705, -7.9841007228433], [-34.915818217232, -7.98411892376158], [-34.9158461085487, -7.98413543031229], [-34.915887327114, -7.98414688468452], [-34.9159775914972, -7.98417807547674], [-34.9160511308847, -7.98420157959518], [-34.9161079349377, -7.98421518032721], [-34.9161779335633, -7.98421725274737], [-34.9162041915398, -7.98421917068142], [-34.9162297797832, -7.98421905214234], [-34.9162304649713, -7.98424677578362], [-34.9162356632796, -7.98428778728011], [-34.9162341005688, -7.98431052998373], [-34.9162236530324, -7.98433664171656], [-34.9162198880519, -7.98436438597379], [-34.916219991458, -7.9843865667663], [-34.9162245657166, -7.98441316310102], [-34.9162330368037, -7.98444029647946], [-34.9162476886325, -7.9844886476899], [-34.916253978305, -7.98451727926654], [-34.9162607875449, -7.98454608382471], [-34.9162731674839, -7.98457652605633], [-34.9162833331313, -7.98460919622085], [-34.9162923291346, -7.98462967233091], [-34.9163096592144, -7.98464789215368], [-34.916322521019, -7.98466224971183], [-34.9163253955669, -7.98468219998883], [-34.9163258491709, -7.98469915365317], [-34.9163294517841, -7.9847171170351], [-34.9163295526169, -7.98473874364503], [-34.916329684473, -7.98476702404011], [-34.91632980599, -7.98479308680814], [-34.9163187508128, -7.98480811027255], [-34.9163004579083, -7.98482205798052], [-34.91626380579, -7.98483553745832], [-34.9162466265595, -7.98484948000494], [-34.9162396558513, -7.98486463190772], [-34.9162328277792, -7.98487283449475], [-34.9162340439634, -7.98489501013109], [-34.9162407963335, -7.98491161457455], [-34.9162480771088, -7.98492211773715]]]}}, {"type": "Feature", "properties": {"name": null, "description": null}, "geometry": {"type": "Polygon", "coordinates": [[[-34.9901211838477, -7.96201401501716], [-34.9901249567892, -7.96236721726078], [-34.9901367405869, -7.96243828970483], [-34.9901418413566, -7.96246905373827], [-34.9901036620031, -7.96254046718796], [-34.9900397010858, -7.96266010320749], [-34.9900264611593, -7.96268486842484], [-34.9899317774747, -7.96286197000887], [-34.9898268305094, -7.96286953855778], [-34.9897715976909, -7.96281465960629], [-34.9897361089117, -7.96277939736451], [-34.9897122079569, -7.96275564928632], [-34.9897125080143, -7.96274210277936], [-34.9897155504888, -7.9626046088674], [-34.9896500523913, -7.96248267486434], [-34.9895478205419, -7.96254246509916], [-34.9894503189634, -7.96259948889574], [-34.9893980078273, -7.96274690494199], [-34.9893943854822, -7.96277818816916], [-34.9894493440349, -7.96291020569489], [-34.9894873196322, -7.96303043748784], [-34.9894877061164, -7.96311050007249], [-34.9895055457962, -7.96320882710031], [-34.9895108113543, -7.96323785191098], [-34.9895050636438, -7.96325321905266], [-34.9894356582939, -7.96334890811872], [-34.9893407806514, -7.96342316009048], [-34.989319072613, -7.96349244868312], [-34.9893068856797, -7.96353134876333], [-34.9892994141953, -7.96355519764029], [-34.9893247837297, -7.96360607403214], [-34.9893342694898, -7.9636250963099], [-34.9892465663299, -7.96375075131699], [-34.9891592849669, -7.96384036968622], [-34.9891378727158, -7.96386235533588], [-34.9891832836143, -7.96392304556452], [-34.9891981482823, -7.96394291081327], [-34.989099981382, -7.96402505626251], [-34.9889743928905, -7.96402648769354], [-34.9888403549515, -7.96408683182105], [-34.9886525501883, -7.96419785784316], [-34.988556814828, -7.96418069654517], [-34.988535851835, -7.96429691787678], [-34.9883626211753, -7.96433606321687], [-34.9881965483956, -7.96439386498585], [-34.9881347583754, -7.96451646565738], [-34.9880346241979, -7.96466534500632], [-34.9879840434184, -7.96474054878614], [-34.9879650872874, -7.96479816400313], [-34.987847353668, -7.96485469879537], [-34.9877870553178, -7.96485550590181], [-34.9876188153775, -7.96489518034239], [-34.9875593040975, -7.96495143504312], [-34.987415306587, -7.96495160731575], [-34.9873069875029, -7.96491222173356], [-34.9871432441994, -7.9649140434864], [-34.9870610248103, -7.96489681708771], [-34.9869224750717, -7.96494878662067], [-34.9869051783099, -7.96493118125229], [-34.9868807308135, -7.96491633761072], [-34.9867175070733, -7.96491815670614], [-34.9866788865021, -7.96499452261643], [-34.9866238784405, -7.96501447960212], [-34.986623151057, -7.9650526404113], [-34.9866222188691, -7.96510155112579], [-34.9866951800812, -7.96516818565533], [-34.9867057623838, -7.96517785056201], [-34.9866602867073, -7.96523403791407], [-34.9865362679427, -7.96531852622181], [-34.9865357816589, -7.96531885761908], [-34.9865353569738, -7.96531898712233], [-34.9864000864354, -7.96536029585526], [-34.9863438255465, -7.96543697409369], [-34.9862140553354, -7.96545560231808], [-34.9862093901895, -7.9654303244622], [-34.9861935026923, -7.9653442518643], [-34.9861822531704, -7.96534422529979], [-34.9860568071865, -7.96534393308328], [-34.9859802563686, -7.96536376719381], [-34.9858825024204, -7.96544113052155], [-34.9858065224444, -7.9654779956244], [-34.9857289104882, -7.96548031375404], [-34.9856286425809, -7.96554260260967], [-34.9856308768259, -7.96564002566965], [-34.985631733447, -7.96567739782888], [-34.985688941044, -7.96576850960967], [-34.9858212037268, -7.96586583867829], [-34.9858545331503, -7.96598477154279], [-34.9858611979414, -7.96600855631188], [-34.9858609628144, -7.96615844306099], [-34.9858609148255, -7.9661894994667], [-34.9858926178227, -7.96626976114491], [-34.9858995362436, -7.96628727614588], [-34.9858863691911, -7.96643370635483], [-34.9858635536703, -7.96645680787603], [-34.9856178219554, -7.96653056606209], [-34.9854628147534, -7.96649501801304], [-34.9854573633362, -7.96657246354485], [-34.9854466480638, -7.96666541853535], [-34.9852770729068, -7.96662848832819], [-34.9852042699062, -7.96655764363233], [-34.9851419894431, -7.96649703821031], [-34.9850034658116, -7.96655818579129], [-34.984962974691, -7.96661644381766], [-34.9849092638713, -7.96665105601646], [-34.9848047399562, -7.96666182359966], [-34.9847171493487, -7.96667084756694], [-34.9845467527581, -7.96676553442483], [-34.9844152175536, -7.96676616415121], [-34.9844025118113, -7.96674190019649], [-34.9843755370495, -7.96669038561538], [-34.984370819651, -7.96668568372868], [-34.9842823814473, -7.96659744507727], [-34.9842822908579, -7.96658823975523], [-34.9842814301644, -7.9665006748361], [-34.9842638318112, -7.96650084676793], [-34.9841615397365, -7.9665018462843], [-34.9841046250057, -7.96657506956043], [-34.9840311549493, -7.96653816335019], [-34.9840204898845, -7.96651715045226], [-34.9839924434209, -7.96646189645969], [-34.9839915099541, -7.96636899808434], [-34.9839752630381, -7.96636752362051], [-34.9837938751769, -7.96635107226751], [-34.9837729775262, -7.96644649522386], [-34.9836960834773, -7.96650492827987], [-34.9835603557417, -7.96654186743729], [-34.9834369849674, -7.96662520022182], [-34.9833760591929, -7.96667339550726], [-34.9833628132738, -7.96665087796795], [-34.983362387699, -7.96665120003162], [-34.9833011108406, -7.96654548006486], [-34.9831622678249, -7.96652586960655], [-34.9830262612331, -7.96660587532988], [-34.9830255502152, -7.96676071779288], [-34.9829919165044, -7.96683200796908], [-34.9828162155324, -7.96683333213482], [-34.9827954140434, -7.96694859363483], [-34.9826815339609, -7.96698687992391], [-34.9825737749318, -7.96698594347679], [-34.9824578944487, -7.96691101369961], [-34.9822452975395, -7.96691106311978], [-34.9821325270681, -7.966795877142], [-34.9821326171067, -7.96679498895109], [-34.9821292071953, -7.96678572083875], [-34.9820903208103, -7.96668002915971], [-34.9820856486811, -7.96668473167891], [-34.9818560463868, -7.96691582726361], [-34.9817417624835, -7.96697105140004], [-34.9816306078443, -7.966970615502], [-34.9815707168211, -7.96693122380423], [-34.9814373674475, -7.96685734542328], [-34.9813409646011, -7.96689651604175], [-34.981226508386, -7.96691593392045], [-34.9810747148469, -7.96697277459209], [-34.981023768176, -7.96699185181371], [-34.9809043528006, -7.96703041272017], [-34.9807250771014, -7.96707349595323], [-34.9805675183918, -7.96715369170509], [-34.9804439905649, -7.96724341695825], [-34.9804365938229, -7.96724878971567], [-34.9804554176985, -7.96727998928751], [-34.9804706078933, -7.96730516727444], [-34.9803113958493, -7.96734028217256], [-34.9801161260857, -7.96734193017346], [-34.9799815081056, -7.96726599344447], [-34.979867623176, -7.96717206498326], [-34.9796343115389, -7.96717532643771], [-34.9795328524406, -7.96727672472858], [-34.9794401595124, -7.96740957227303], [-34.9793877387695, -7.96755654196542], [-34.9793681510614, -7.96755622598192], [-34.9791395381692, -7.96748204868331], [-34.9791294533118, -7.96745775209434], [-34.9791291145252, -7.96745764161178], [-34.9791023247884, -7.96738620887343], [-34.9790052658175, -7.96723190611331], [-34.9789182824705, -7.96706428940462], [-34.9789061617418, -7.96704093277547], [-34.9789033468234, -7.96703997799343], [-34.9786490769498, -7.96695376445959], [-34.9785278345357, -7.96682913979968], [-34.978525611753, -7.96682685506503], [-34.9785248990732, -7.96682612167836], [-34.9785249003615, -7.96682601228398], [-34.9784452144972, -7.9667316081909], [-34.9782540589693, -7.96663916896188], [-34.9782491044943, -7.96662417748974], [-34.9781781840081, -7.96640959246704], [-34.9781592885636, -7.96638913030496], [-34.9781592545247, -7.96638902921548], [-34.978040105445, -7.96625458375592], [-34.9780361339203, -7.96625487210912], [-34.9778384100812, -7.96611873757722], [-34.9776895055652, -7.96598805459522], [-34.9775989996984, -7.96587857012503], [-34.9773516087603, -7.96569213571677], [-34.9772981788701, -7.965627667942], [-34.9772483573766, -7.96556755215023], [-34.9771570117226, -7.96541511628494], [-34.9771537780479, -7.96541628073573], [-34.9770165813409, -7.96546569055644], [-34.9769847375646, -7.9655643877232], [-34.9769333028826, -7.96554189197901], [-34.9768046027615, -7.96539595153098], [-34.9767977058211, -7.96538472555511], [-34.9767260484077, -7.96526809041097], [-34.9767098316213, -7.96524907901421], [-34.9767076787847, -7.96524568106354], [-34.9766438402009, -7.96517005093867], [-34.9766247919634, -7.9651630794254], [-34.9764787672559, -7.96510439579425], [-34.9764809806281, -7.96509054445202], [-34.9764923018736, -7.96501968367255], [-34.9764743678994, -7.96499885700703], [-34.9763889129423, -7.96487238472774], [-34.9762486657365, -7.9648231233307], [-34.9761745199206, -7.96482158188061], [-34.9761064223025, -7.96475999986121], [-34.9759665582277, -7.96479667330675], [-34.9758017996204, -7.96492758818329], [-34.9756893183595, -7.96512458305454], [-34.9755766016084, -7.9651402808627], [-34.9754931178013, -7.96504150224159], [-34.9753489817713, -7.96511230788066], [-34.9752441564246, -7.96518797885625], [-34.9751711441028, -7.96515863723412], [-34.9749620273625, -7.96515710665124], [-34.9747630773101, -7.96502918748086], [-34.9747490306812, -7.96500714525929], [-34.9747490559038, -7.96500578546768], [-34.9747489993209, -7.96500571070213], [-34.9746499205683, -7.96487531783087], [-34.9745631573333, -7.96474691120067], [-34.9745614850159, -7.96474651415628], [-34.9743794921441, -7.96458692962228], [-34.9742081841753, -7.96467365598358], [-34.9740909702021, -7.96480876646239], [-34.9740447215179, -7.96494290712595], [-34.9740620532486, -7.96512159525707], [-34.9740620675614, -7.96512174345106], [-34.9740975808392, -7.9652491557047], [-34.9741045187026, -7.9652740469755], [-34.9741045390037, -7.96527412010585], [-34.9741052397687, -7.96527426141501], [-34.974111712887, -7.96530265713848], [-34.9740291100151, -7.96538769817356], [-34.9739998645157, -7.96549964784822], [-34.9739368045588, -7.965563750533], [-34.9737775344548, -7.96551776287937], [-34.9737830853481, -7.96549865674318], [-34.9737817295111, -7.96549825818949], [-34.9738100617247, -7.96538608775885], [-34.9738284992583, -7.96523510439171], [-34.9738400814828, -7.96514025279704], [-34.9738394012649, -7.96511203018119], [-34.973838783114, -7.96508635213494], [-34.9738218250619, -7.96506951109776], [-34.9736580205856, -7.9649068318917], [-34.9736593140904, -7.96490065477453], [-34.9736895365206, -7.96475636394318], [-34.9736700889493, -7.96473530746644], [-34.9735379660334, -7.96459225498372], [-34.9734242921249, -7.96452437485487], [-34.9734242335471, -7.96451214350499], [-34.973423934672, -7.96444973649999], [-34.973469157438, -7.96433859765857], [-34.9735049621521, -7.96421506318228], [-34.9734555773585, -7.96410852053935], [-34.9735020788005, -7.9640079953476], [-34.9734794209696, -7.96399127904515], [-34.9733889580319, -7.96392453958231], [-34.973391946677, -7.96391443539507], [-34.9733910012722, -7.96391376909837], [-34.9734192537462, -7.96383132020805], [-34.9734001961653, -7.96377465722973], [-34.9733933458234, -7.96377541034858], [-34.9732653437822, -7.96378948784448], [-34.9731984668157, -7.96385223441279], [-34.9731863649602, -7.96383216269573], [-34.9731854021941, -7.96383203709566], [-34.973133422472, -7.96375510854264], [-34.9729973745795, -7.96382481443271], [-34.9728669267842, -7.96380840934643], [-34.9728205737616, -7.96375811947204], [-34.9727338877144, -7.9637261826899], [-34.9726037795049, -7.96378071666548], [-34.9724692213005, -7.96385683850957], [-34.9724023894159, -7.96381005150298], [-34.9723072642847, -7.96367997169757], [-34.9721541158007, -7.963678430053], [-34.9720569599555, -7.96360000481999], [-34.9719690462805, -7.96354934472994], [-34.9718896621139, -7.96361555611561], [-34.9718388356832, -7.96358231312564], [-34.9718254027734, -7.96355847783967], [-34.9718249288159, -7.963558166392], [-34.971773071599, -7.9634686907692], [-34.9716840902585, -7.96348486582585], [-34.9716700836809, -7.96365121946656], [-34.97160695843, -7.96366514075715], [-34.9715573179631, -7.96371412253789], [-34.9715491630866, -7.96372216838044], [-34.9716037042087, -7.9638178221294], [-34.9717189266705, -7.96388438827598], [-34.9717332927646, -7.96389268774508], [-34.9717053388521, -7.96399951710122], [-34.9715904146374, -7.96401481927424], [-34.9713251432766, -7.96390030387583], [-34.9712747242402, -7.96396701573017], [-34.971105202884, -7.96393447974359], [-34.9708929921441, -7.9639035641207], [-34.9708798222215, -7.96396106664088], [-34.9708734744559, -7.96398878662132], [-34.9709929469497, -7.96412088012537], [-34.9710652381951, -7.96418780059587], [-34.9710652392848, -7.96418802840853], [-34.9710722906939, -7.96419499124535], [-34.9710716143977, -7.96435106591796], [-34.9710185696494, -7.96441942203504], [-34.9709442145464, -7.96449568311257], [-34.9707840113745, -7.96447729073481], [-34.9707744256592, -7.96445636801633], [-34.9707178516349, -7.96433288391511], [-34.9707084913557, -7.96432382834629], [-34.9706120415261, -7.96423052161993], [-34.9704022259969, -7.964105242531], [-34.9703152445636, -7.96407089464229], [-34.9700173909966, -7.96428584396561], [-34.9698824274784, -7.96448583130152], [-34.9697422372838, -7.96448578764206], [-34.9697517874991, -7.96446059279702], [-34.9698715448289, -7.96414465420953], [-34.9698878363927, -7.96397999190633], [-34.969941474496, -7.96388680363915], [-34.9699531386912, -7.96386163672177], [-34.9699182931075, -7.96379297954643], [-34.9699188777232, -7.96372860463879], [-34.9699493898866, -7.96357538953427], [-34.9699502079595, -7.96355966349771], [-34.9699260110807, -7.96357818107336], [-34.9697969255069, -7.96367697387444], [-34.9695678080202, -7.96366000669973], [-34.9694857832962, -7.96359429561376], [-34.9694799091916, -7.96357674446049], [-34.9694558865482, -7.96350496750731], [-34.9694571694067, -7.96349294311052], [-34.9695208645249, -7.96336711558906], [-34.9695171423862, -7.96314879954345], [-34.9695016725574, -7.96314236483189], [-34.9693997007225, -7.96309994880513], [-34.9692815449916, -7.9631819675109], [-34.9691666711326, -7.96324994985547], [-34.9690707379681, -7.96321702099581], [-34.9690626627456, -7.96319391862854], [-34.9690614302287, -7.96319351585473], [-34.9690374582562, -7.96312036447194], [-34.9690407082789, -7.96309965014171], [-34.9690558286516, -7.9630401548985], [-34.9691869070169, -7.96285925700652], [-34.9691651794633, -7.96283165044834], [-34.9691188476064, -7.96277278058331], [-34.9689819645391, -7.96272001619625], [-34.9688997200283, -7.96260823518299], [-34.9687499302531, -7.962657687603], [-34.9686991943612, -7.96282502580725], [-34.9685358508374, -7.962837476866], [-34.9685234287903, -7.96281335275362], [-34.9684697076382, -7.96270902294532], [-34.9684690954004, -7.96270956827548], [-34.9682846192193, -7.96287384552985], [-34.9681356064032, -7.96280859756558], [-34.9681039522368, -7.96295032052242], [-34.9680868714745, -7.96302679300211], [-34.9680053422963, -7.96310695334972], [-34.9679683157164, -7.9632708544151], [-34.9680119033282, -7.96334091591773], [-34.9680153956887, -7.96334321278339], [-34.9680820037871, -7.96344007288299], [-34.9680820339367, -7.96344030959847], [-34.9680996826219, -7.96346642944968], [-34.9681376850739, -7.96363961510827], [-34.9680083513826, -7.96386887162036], [-34.9680027970561, -7.96389339476608], [-34.9679765316212, -7.96406688545733], [-34.9679711514185, -7.96410242441439], [-34.9679716651415, -7.96423524993112], [-34.9679717222964, -7.96425006597913], [-34.9679412461014, -7.96439673027342], [-34.9679597214032, -7.96456478145622], [-34.9680089598249, -7.96480915125933], [-34.9680327515268, -7.96496778149753], [-34.9678830709255, -7.96508130898841], [-34.9670279940532, -7.96575128775878], [-34.9669613039136, -7.96581471889818], [-34.9675933997192, -7.96659588234119], [-34.9679511672441, -7.96703801900395], [-34.9686019935949, -7.96784232124264], [-34.9688442755094, -7.96814173561333], [-34.9688443229632, -7.96814179776669], [-34.9689893703027, -7.96833960779713], [-34.9691196751902, -7.9684820773884], [-34.9693493131864, -7.96876586445896], [-34.9699686807244, -7.96953127989467], [-34.9699792626077, -7.96954316380909], [-34.9700962669208, -7.96967455838334], [-34.9701089165246, -7.96968569838189], [-34.9702630522739, -7.96982143020937], [-34.970452399846, -7.96999280800914], [-34.9705767134506, -7.97017568246555], [-34.9707315776695, -7.97046354673745], [-34.9707899816529, -7.97065570533734], [-34.970790389507, -7.97065830883695], [-34.9708637392101, -7.97094700822066], [-34.9709443864563, -7.97137131118721], [-34.97097175428, -7.97158223783975], [-34.9709873200319, -7.97177664870306], [-34.970934720692, -7.97201527224708], [-34.970860117127, -7.9724096009087], [-34.9707592213191, -7.97294290326923], [-34.9762732734691, -7.97430986929507], [-34.9762769689994, -7.97431705411225], [-34.9763499815951, -7.9743200135486], [-34.9781401189818, -7.97328937760121], [-34.9959152203478, -7.96303526396445], [-34.995907872588, -7.96303008490805], [-34.9958115201235, -7.96302941498357], [-34.9957402315564, -7.96302891912978], [-34.9957056096588, -7.96301451827342], [-34.9956306519368, -7.96297635754592], [-34.9956363614888, -7.96296009105313], [-34.9956732218102, -7.96285508463879], [-34.9957110416801, -7.96268530738635], [-34.9956799067391, -7.96268517154133], [-34.9955474401796, -7.96268459395821], [-34.9954402366101, -7.96272363124214], [-34.995387585568, -7.96283594764199], [-34.9953061151986, -7.96283678441219], [-34.99522967478, -7.96283756984582], [-34.9952202328831, -7.96283739288168], [-34.9951080610474, -7.96283529187932], [-34.9950996297677, -7.96282751803855], [-34.9950952377395, -7.96281566749584], [-34.9950750454279, -7.96276118224669], [-34.9950662989402, -7.96274823889112], [-34.9950619945368, -7.96274399892276], [-34.9950557511475, -7.96273784903451], [-34.9950324514094, -7.96271489489206], [-34.9949811174585, -7.9626643220001], [-34.9949710298066, -7.96265438374797], [-34.994949790255, -7.96263346007546], [-34.9949365895982, -7.96260594173319], [-34.9948927158359, -7.96251951089559], [-34.994835677126, -7.96244478451901], [-34.994831961228, -7.96243023219968], [-34.9948159551508, -7.9623675507741], [-34.9948072299313, -7.96236330765627], [-34.9947161419012, -7.96231901453952], [-34.9946992332158, -7.96231079238064], [-34.9946626343825, -7.96226600936033], [-34.9946232178345, -7.96221706328381], [-34.994627397609, -7.96221016806062], [-34.9946796854114, -7.96212094320992], [-34.9946610213873, -7.96202414212921], [-34.9946514390149, -7.96202285477458], [-34.9945659880343, -7.96201137596673], [-34.9945245324786, -7.96200580673385], [-34.9944561315123, -7.96206137259285], [-34.9944288072511, -7.96208356947031], [-34.9943984678006, -7.96208365750716], [-34.9943376338377, -7.9620838352238], [-34.9942958584882, -7.9620839565465], [-34.9942858243441, -7.96205414569885], [-34.9942634459638, -7.9619888189486], [-34.994261276111, -7.96198248673085], [-34.9942557860112, -7.96196783806399], [-34.9942488506192, -7.96195866570767], [-34.9942476796583, -7.96195711641206], [-34.9942188663168, -7.96191951003077], [-34.9941885503742, -7.96188021943677], [-34.994174826487, -7.96186243360642], [-34.9941394073404, -7.96181498519694], [-34.9940952822142, -7.96178676027878], [-34.9940779361676, -7.96177566447961], [-34.9940250486602, -7.9617405703941], [-34.9940069370957, -7.96172306872119], [-34.9939871391075, -7.96170393796195], [-34.9939469150229, -7.96166424296021], [-34.9939152651528, -7.9616708778882], [-34.9937538083378, -7.96170255728452], [-34.9936231517697, -7.96176268476228], [-34.9935420746629, -7.96179999673626], [-34.9935177988063, -7.96184106674702], [-34.9934853278436, -7.96189599962453], [-34.9934172451538, -7.96192328132347], [-34.9932955320382, -7.96197205455323], [-34.9931560699398, -7.9618960289168], [-34.993124502419, -7.96187881967652], [-34.9931223126676, -7.96185636602553], [-34.9931044931, -7.96168675940603], [-34.993092003792, -7.96168367159827], [-34.9930228849808, -7.96166658493146], [-34.9928518433468, -7.96164867080649], [-34.9927156621992, -7.96166922364518], [-34.9925838853393, -7.96164903245773], [-34.9925171057616, -7.96164949791052], [-34.9924487365545, -7.96164997370077], [-34.9922551035894, -7.96165132238357], [-34.9921027569297, -7.96167182520744], [-34.9919901509263, -7.96172828738702], [-34.9918742480516, -7.96167223649757], [-34.9917752366578, -7.96169329669271], [-34.9916629919475, -7.96182454820572], [-34.9915640816098, -7.96186653612716], [-34.9915588706859, -7.96199898951392], [-34.9914593350048, -7.96205401651147], [-34.9913269278877, -7.96207214972182], [-34.9912492510772, -7.9620927638559], [-34.9911003237619, -7.96211063278334], [-34.9909891675589, -7.96211116640273], [-34.9908044292542, -7.9620537297977], [-34.9907083363829, -7.96203772324945], [-34.9906295769271, -7.96197669060679], [-34.9906146304715, -7.96195696954039], [-34.9905721719675, -7.96188718884528], [-34.9905563725135, -7.96177627165145], [-34.9905368369102, -7.96174685248778], [-34.9904578936694, -7.96163778872513], [-34.9902501203673, -7.96161831855085], [-34.9901558500822, -7.96168020959411], [-34.9901027589368, -7.96179804504334], [-34.9901211838477, -7.96201401501716]]]}}, {"type": "Feature", "properties": {"name": null, "description": null}, "geometry": {"type": "Polygon", "coordinates": [[[-34.9006206497204, -8.0229032854733], [-34.9003440647082, -8.02348061589613], [-34.8999946457358, -8.02424386068122], [-34.8997733432383, -8.02473141818457], [-34.899758388646, -8.02478225725119], [-34.8997496753535, -8.02479875431331], [-34.8996572727688, -8.02497371756648], [-34.899398558723, -8.02554194098606], [-34.8991259039641, -8.02610936171879], [-34.8990742472688, -8.02624158670178], [-34.8990540399131, -8.02624085362708], [-34.8989532202732, -8.02626460688622], [-34.8989585178936, -8.02638308118228], [-34.8991702311966, -8.02635600720971], [-34.90068078327, -8.02638893915326], [-34.9018310149942, -8.02641990188818], [-34.9030080724376, -8.02644817969471], [-34.9033087271059, -8.02643483563755], [-34.9035561049709, -8.02641192591999], [-34.9038634409879, -8.02631782514383], [-34.904317296484, -8.02619986039589], [-34.9046246792275, -8.02610225834778], [-34.9048767771857, -8.02607087118424], [-34.9050987884696, -8.02609091016943], [-34.9053002127109, -8.02613558262136], [-34.9054160550876, -8.02614210888859], [-34.9054737954651, -8.0261879274382], [-34.9061735294781, -8.02578554187841], [-34.9065703549046, -8.02559902397895], [-34.9065704870482, -8.02559896369822], [-34.9065623663843, -8.02555944735825], [-34.9065623237223, -8.02555924594829], [-34.9065665002277, -8.02550354403659], [-34.9065665394795, -8.02550301406985], [-34.9065131783108, -8.02527221264559], [-34.906513054282, -8.02527167891486], [-34.9065135424523, -8.02527094254883], [-34.9067407208768, -8.02484212142191], [-34.9067410247608, -8.02484154502579], [-34.9064765421341, -8.02471406946976], [-34.9064707692516, -8.02471782549658], [-34.9064699332695, -8.02470835381201], [-34.9064692227337, -8.02470030364835], [-34.906466045542, -8.02466432914948], [-34.9064638518054, -8.02464572360677], [-34.9064358038716, -8.02461220132023], [-34.9063975487677, -8.02459335415686], [-34.9062213973158, -8.02459416996321], [-34.9061788146948, -8.02459144159317], [-34.9061537845749, -8.02457546415461], [-34.9060813638125, -8.02450637145707], [-34.9060667858209, -8.02449246294286], [-34.9059936015986, -8.02441232421271], [-34.9058610415784, -8.02426390383001], [-34.9057352266046, -8.02412412942125], [-34.9057031791249, -8.02408852994332], [-34.9057008368696, -8.02408592621549], [-34.9056934020098, -8.02406547620988], [-34.9056079405717, -8.02374025191406], [-34.905573073496, -8.0236075674033], [-34.9055693614618, -8.02359343678834], [-34.9055106491432, -8.02334007340576], [-34.9055066041935, -8.02332262277515], [-34.9055052979533, -8.02331753076794], [-34.9054916278533, -8.02326407939893], [-34.9053385779817, -8.02274450511631], [-34.9053204207995, -8.02268810100827], [-34.9053045616171, -8.02269334387665], [-34.9049555979098, -8.02280871244937], [-34.9045462241294, -8.02296966323019], [-34.9040281121412, -8.02315936158743], [-34.9038866356844, -8.02320312471181], [-34.9038732856092, -8.02317629213807], [-34.9038285769408, -8.0230864344062], [-34.9037747878719, -8.02296942328465], [-34.9037701521501, -8.02297098797091], [-34.9037539436851, -8.02298109449733], [-34.903677088397, -8.02301453618182], [-34.903641940223, -8.02302983105231], [-34.9036212428676, -8.02299626727185], [-34.9036189306768, -8.02299251883412], [-34.9035945013568, -8.02295104902522], [-34.903571339171, -8.02291172956533], [-34.9035397870089, -8.02286751537681], [-34.9035349041927, -8.02286198062554], [-34.9034662538297, -8.02278414737638], [-34.9034382437548, -8.02275303035608], [-34.9034043221304, -8.0226987955276], [-34.903367605172, -8.02262605823154], [-34.9033410742681, -8.0225798915151], [-34.9032864390832, -8.02248254774864], [-34.9032559572931, -8.02241904020681], [-34.9032355484581, -8.02235779871296], [-34.9032236331376, -8.02231902753125], [-34.9032082688312, -8.02226903106446], [-34.9032072557863, -8.02226573588567], [-34.9031960204422, -8.02222553764577], [-34.9031958433174, -8.02222489747768], [-34.9032007965664, -8.0222227644786], [-34.9032246451079, -8.02222091390274], [-34.9033174025894, -8.02220415578452], [-34.9034938411713, -8.02217612486595], [-34.9036447359187, -8.02213550887029], [-34.9037773944284, -8.02208772197292], [-34.9038391235308, -8.02205296340621], [-34.9039679657888, -8.02196709111609], [-34.9041602795331, -8.02183012190065], [-34.904240108717, -8.02177350684039], [-34.9043980142443, -8.02167479875203], [-34.9046413035751, -8.02153940898796], [-34.9048992473833, -8.02142391049549], [-34.9049900810058, -8.02138538731571], [-34.9049971441423, -8.02136031368725], [-34.9049972422274, -8.02135995160516], [-34.9049864505871, -8.0213235177535], [-34.9049055863046, -8.02113810347808], [-34.9049053158634, -8.0211374863447], [-34.9046472738207, -8.02125815021223], [-34.9045036355334, -8.0212932876992], [-34.9043891113294, -8.02132647783392], [-34.9041874428789, -8.021409057125], [-34.9038966999503, -8.02151745079258], [-34.903498775546, -8.02167170066456], [-34.903178933953, -8.02178567093772], [-34.9028627656551, -8.02190688281944], [-34.9023009683677, -8.02212332432477], [-34.9023172208159, -8.022156414217], [-34.9022544867694, -8.02217737204959], [-34.9020827420167, -8.02224485889366], [-34.9019848073689, -8.02229423518023], [-34.9018571230392, -8.02235422977993], [-34.9017675627187, -8.02238817912785], [-34.9017591323727, -8.02239137508829], [-34.9015205833215, -8.02247295559854], [-34.9015205480076, -8.02247296841865], [-34.9015053624322, -8.02247816193105], [-34.9009367335856, -8.02267862594988], [-34.9009278448927, -8.02268175982318], [-34.9007209739807, -8.02279070281057], [-34.9006206497204, -8.0229032854733]]]}}, {"type": "Feature", "properties": {"name": null, "description": null}, "geometry": {"type": "Polygon", "coordinates": [[[-34.9329314675745, -7.98774793987686], [-34.9328186996872, -7.98776346356421], [-34.932630315037, -7.98769310892581], [-34.932509712405, -7.98764118212286], [-34.9323589677367, -7.98757814785756], [-34.932253480265, -7.98754114774323], [-34.9320803464533, -7.98751571109017], [-34.9320802784357, -7.98751571140802], [-34.9319637525479, -7.98751625589589], [-34.9318547500839, -7.98753176352765], [-34.9315805410078, -7.9876080308466], [-34.9313609358491, -7.98767409920557], [-34.9311222842779, -7.98773764821378], [-34.9309457770779, -7.98779471317003], [-34.9308066861314, -7.98781035835822], [-34.9305849207775, -7.98784138879095], [-34.9303970954002, -7.98789100812322], [-34.9302355779118, -7.98793675361889], [-34.9300853801929, -7.98798994448367], [-34.9299463410197, -7.98801683927738], [-34.929908888444, -7.98805075902087], [-34.929848887899, -7.98808853224116], [-34.9297812394844, -7.98810009540409], [-34.9297024852865, -7.98814920354521], [-34.9296312538425, -7.98819827837299], [-34.9295900393754, -7.98823221384699], [-34.9295491562023, -7.98827335222244], [-34.9295491209987, -7.98827338764505], [-34.9295638137762, -7.98828935166305], [-34.9296144490925, -7.98834649418345], [-34.9296223941429, -7.98835546062954], [-34.9296892609442, -7.98841323525653], [-34.9297519437547, -7.98846687705298], [-34.929786471334, -7.98849121860783], [-34.9298104054379, -7.98850809506666], [-34.9298773112582, -7.98857416511706], [-34.9299441948977, -7.98863608833498], [-34.9300027159965, -7.98868975131344], [-34.9300570753204, -7.98874343280558], [-34.9301450240801, -7.98885919380244], [-34.93020656595, -7.9889427199809], [-34.9302134869235, -7.98895261242747], [-34.930494896928, -7.98935484230404], [-34.9304566337008, -7.98938339669259], [-34.9303415881297, -7.98945147618634], [-34.9302193528573, -7.9895487948586], [-34.9301208809441, -7.98963687697734], [-34.9300026250014, -7.98980171838939], [-34.9299336993504, -7.98994259972036], [-34.9298322598955, -7.99017855455876], [-34.9297871301009, -7.99031749949276], [-34.929747917316, -7.99054586262411], [-34.9297033296281, -7.99079980680412], [-34.9296821948361, -7.99097879803137], [-34.9296644580768, -7.99110118560843], [-34.9296320634197, -7.99122181723278], [-34.9296158118913, -7.9912711779071], [-34.9295667738736, -7.99135720390617], [-34.9295067914922, -7.9914524074811], [-34.929444906688, -7.99153301395102], [-34.9292898737095, -7.99166517170919], [-34.9290928495217, -7.99182490218291], [-34.9289050251633, -7.99199372156257], [-34.9287737955573, -7.99212576628827], [-34.9286791983079, -7.9922594635079], [-34.9285536683993, -7.99243529324145], [-34.9284154400863, -7.9926367372843], [-34.9281735702415, -7.99299565226942], [-34.9280207675129, -7.99321359285563], [-34.9278326617299, -7.99348533151426], [-34.9285842133057, -7.99408999330578], [-34.9285906904868, -7.99409111664991], [-34.9289041718035, -7.99435040836832], [-34.9290730852219, -7.99449012227645], [-34.9291323692316, -7.99454381689245], [-34.9293267062073, -7.99471983287234], [-34.9293732169974, -7.9947619572725], [-34.9294876036408, -7.99486556161662], [-34.9298201128134, -7.99515592549599], [-34.9299650259185, -7.99501948593533], [-34.9301989437499, -7.99476610723331], [-34.9303407358658, -7.9946262060758], [-34.9303889898551, -7.99459427254321], [-34.9304331483613, -7.99457338585368], [-34.9304953486209, -7.99456620355649], [-34.9305825400889, -7.99457958118968], [-34.9306670775051, -7.99461640892824], [-34.9307295371133, -7.99466436844114], [-34.9307655434382, -7.99470081272655], [-34.9307851222111, -7.99472063220754], [-34.9308422117601, -7.99480308131663], [-34.9308882063293, -7.99487868972919], [-34.9309258775839, -7.99494882228066], [-34.9309746002871, -7.99501614669219], [-34.9310307240634, -7.99508048022587], [-34.9310871194701, -7.99512177345208], [-34.9311494837319, -7.99514905478827], [-34.9312242602962, -7.99516938373513], [-34.9312906940667, -7.99518010175283], [-34.9313640319338, -7.9951880310055], [-34.9314152919825, -7.99520709207868], [-34.93153859586, -7.99525338824871], [-34.9316744843566, -7.99532857527642], [-34.9317965497887, -7.99540520648555], [-34.9319008249445, -7.99547262894339], [-34.9319483419189, -7.99550956981998], [-34.9319797949895, -7.99555186009686], [-34.9320147142841, -7.99562476364108], [-34.9320539431604, -7.9957321106141], [-34.9320822050013, -7.9958601901062], [-34.932095009399, -7.99593595354921], [-34.9321189153475, -7.99601993628603], [-34.9324255670408, -7.99635702162608], [-34.9325284517495, -7.99652450060063], [-34.9325394752529, -7.99663420523646], [-34.9325469015633, -7.99674308050413], [-34.9325487844983, -7.99684922523753], [-34.9325423375498, -7.99694851460487], [-34.9325290606303, -7.99706575797087], [-34.9325156650453, -7.99715818822282], [-34.932517366217, -7.99722573235337], [-34.932518672942, -7.99723590140739], [-34.9325302876542, -7.99732630977586], [-34.9325626860462, -7.99745161152876], [-34.9326030460943, -7.99750518786469], [-34.9326211573182, -7.99751241602958], [-34.9326667106909, -7.99753059408811], [-34.9326986533912, -7.99754334097756], [-34.9327703831939, -7.99757293138503], [-34.9328896022779, -7.99759653975568], [-34.9329941074863, -7.99761406304278], [-34.933081649161, -7.99762521616304], [-34.9332605696044, -7.99763169874859], [-34.9334168719497, -7.99763648174754], [-34.9335524562281, -7.99764687553631], [-34.9337697189562, -7.99767480883761], [-34.9339579402271, -7.99770287983272], [-34.9341129959394, -7.99773661810442], [-34.9342653050516, -7.99777450614029], [-34.9343997068298, -7.99782764083507], [-34.934532829579, -7.99790284135409], [-34.9345904390795, -7.99794776977499], [-34.9345907831707, -7.99794803847588], [-34.934661338848, -7.9980030678276], [-34.9346826831359, -7.99801986554795], [-34.9347173683538, -7.9980464305681], [-34.9347550081895, -7.99807525996322], [-34.934760937433, -7.99807980218815], [-34.9347828028247, -7.99806016398534], [-34.9347980699064, -7.99804777106796], [-34.9348129421709, -7.9980357000361], [-34.9349224143588, -7.99794889130023], [-34.9349337275246, -7.99794638377752], [-34.9349479154134, -7.99794323898556], [-34.9349745412916, -7.99794090199773], [-34.9350033820969, -7.99793744806456], [-34.9350244385454, -7.9979307100073], [-34.9350565260864, -7.99790953853031], [-34.9351857462058, -7.99781047945833], [-34.9352931948898, -7.99775194545491], [-34.9354044953574, -7.99770207231731], [-34.9354136555191, -7.99768304691999], [-34.935410049483, -7.99761093189373], [-34.9354132455576, -7.99748075543299], [-34.9354334720949, -7.99738575101896], [-34.935486126554, -7.99724503743369], [-34.9355372543285, -7.99711234094128], [-34.9356075501056, -7.99698480446772], [-34.9356754120168, -7.99688811674991], [-34.9358047457295, -7.99670633503282], [-34.9360045879694, -7.99644198807078], [-34.936196920055, -7.99622521785621], [-34.9363598948902, -7.9960702617143], [-34.9364613079922, -7.99598112553333], [-34.9366411600844, -7.99585178978858], [-34.9367259320793, -7.99578714651475], [-34.9368646699233, -7.99568627148772], [-34.9369983861842, -7.99561368798136], [-34.9371153140755, -7.99553475805217], [-34.9371986698375, -7.99544313711228], [-34.9372536281212, -7.99534394046447], [-34.9373263923186, -7.99519326295876], [-34.9373852012439, -7.99509019154898], [-34.9374454374609, -7.99501666881524], [-34.937558287554, -7.99489278662523], [-34.9376441165297, -7.99477930936337], [-34.9377643400811, -7.9945795821219], [-34.9378910532252, -7.99438881706459], [-34.9379614903166, -7.9942824165974], [-34.9379627276187, -7.9942805475361], [-34.9379430525105, -7.99426016027311], [-34.9377088937435, -7.99398874748206], [-34.9374056538094, -7.99361037599784], [-34.937102317818, -7.99321113538823], [-34.9368238067532, -7.99274917581523], [-34.9367137316731, -7.99249093113705], [-34.9365190942965, -7.99205779169342], [-34.9363115427599, -7.99159906901635], [-34.9361847016263, -7.99128724957904], [-34.9360156787797, -7.99095832943919], [-34.9358469316512, -7.99068783702126], [-34.9356191163853, -7.99032163111537], [-34.9354042957438, -7.99004718101391], [-34.9347221565457, -7.98922400776172], [-34.9340611479838, -7.98844246966091], [-34.9332531656855, -7.98750077984562], [-34.9332096287655, -7.9875508485149], [-34.9332094752262, -7.98755098393738], [-34.9332092506204, -7.987551242644], [-34.933208871764, -7.98755167836302], [-34.9330852667551, -7.98766098819435], [-34.9330470658195, -7.98769942742214], [-34.9330462407999, -7.98770025758809], [-34.9330299407973, -7.98771666017332], [-34.9330291157775, -7.98771749033928], [-34.9329314675745, -7.98774793987686]]]}}, {"type": "Feature", "properties": {"name": null, "description": null}, "geometry": {"type": "Polygon", "coordinates": [[[-34.9112621075942, -8.00759817267291], [-34.9112334305084, -8.00765294833681], [-34.9111896212477, -8.00772752359695], [-34.9111124877483, -8.00784019881529], [-34.9110321839757, -8.00792556958371], [-34.9109319344557, -8.00797915440494], [-34.9108134717891, -8.00804497064997], [-34.9107527348932, -8.00808167966077], [-34.9107361497909, -8.00811666890407], [-34.9107305743643, -8.00822749464166], [-34.9107010423311, -8.00842494619016], [-34.9106401537075, -8.00875611369394], [-34.9106286658897, -8.00890491238579], [-34.9105995858774, -8.0091995030957], [-34.9105972489476, -8.00935129525445], [-34.9105781826013, -8.00950771871556], [-34.9105409153789, -8.00967940310252], [-34.9105099011823, -8.00988597002692], [-34.9104734134024, -8.01022461416592], [-34.9104516765853, -8.01046149311387], [-34.9104331428937, -8.01073174989398], [-34.9104202031124, -8.01089573553827], [-34.9104217966839, -8.01091090565516], [-34.9104064607609, -8.01092593814349], [-34.9103788359178, -8.01096426755568], [-34.9103542664248, -8.01101381857318], [-34.9103432051683, -8.01105881468455], [-34.9103448591173, -8.01109101626803], [-34.9103592274234, -8.01117442142842], [-34.9103593010819, -8.01119021606695], [-34.9103418624495, -8.01122715935709], [-34.9103530195416, -8.011229552261], [-34.9104958367798, -8.01123787872838], [-34.9105537412311, -8.01124659593411], [-34.9105884584121, -8.01125001696912], [-34.9106191494378, -8.01125303807564], [-34.9107087463208, -8.01129007478417], [-34.9108857090985, -8.01136865349879], [-34.9110099815006, -8.01142874949374], [-34.9110626936759, -8.01145247651926], [-34.9111334853719, -8.01148585563597], [-34.9112253397755, -8.01152288355222], [-34.9113863921767, -8.0115738170413], [-34.9114451955563, -8.01159518236843], [-34.9114759682123, -8.01160636314163], [-34.9115328074485, -8.0116344177181], [-34.9115838417629, -8.0116616466653], [-34.9117204800756, -8.0117345526578], [-34.91174364601, -8.0117451819406], [-34.9118169868229, -8.01177884201182], [-34.9118472715242, -8.01179273992974], [-34.9118845597499, -8.01180911776923], [-34.9119081607629, -8.01181599495052], [-34.9119963489824, -8.0118416972316], [-34.9120290099238, -8.01184839135119], [-34.9120570623635, -8.01184826124297], [-34.9121200534366, -8.01185196505963], [-34.9121763978084, -8.01186026433308], [-34.9121876530665, -8.01186192171856], [-34.9122625120535, -8.0118761200275], [-34.9122851332699, -8.01188255331221], [-34.9125653489371, -8.01196509750183], [-34.9126847671609, -8.01203794286972], [-34.912763465632, -8.01211743850002], [-34.9126900659884, -8.01216598483153], [-34.912112892047, -8.01254772433642], [-34.9115556881378, -8.01288871021599], [-34.9112040242115, -8.01303771390632], [-34.9111497289359, -8.01303960472717], [-34.9111186261003, -8.01304068554993], [-34.9110138110604, -8.01304246522903], [-34.9109775156673, -8.01302973516142], [-34.9108204325431, -8.01292339730872], [-34.9107379580837, -8.01285666883531], [-34.9107354066441, -8.01285470708145], [-34.9106616291783, -8.01279805841182], [-34.9105622828521, -8.01272177524725], [-34.9105586261457, -8.01271911072928], [-34.9103573654652, -8.01257247513624], [-34.9102821873013, -8.01252273994826], [-34.9102665389206, -8.01251318413579], [-34.9102429026242, -8.01249874991879], [-34.9102382685895, -8.01251561780467], [-34.9102457231278, -8.01253273253456], [-34.9102299787043, -8.01260740108758], [-34.9102230422512, -8.01262280420345], [-34.9101889429259, -8.01266845765819], [-34.9101912626579, -8.01320217728844], [-34.9102039144065, -8.01326696386971], [-34.9102433930552, -8.01334827092482], [-34.9102746673469, -8.01342846511737], [-34.9102897612878, -8.01370802441971], [-34.9102845774225, -8.01385511867468], [-34.9102516896628, -8.0139878527351], [-34.9101354138049, -8.01420355993564], [-34.9101298629885, -8.01421385859191], [-34.9099425723213, -8.01455013149637], [-34.9098816810281, -8.01462919241606], [-34.9098964446864, -8.01470358850586], [-34.9103353934758, -8.01542301225815], [-34.9103711490662, -8.01553635317318], [-34.9103888212193, -8.01563671141959], [-34.9103926125039, -8.0157469314054], [-34.9103573230302, -8.01590959405262], [-34.9102975760716, -8.01609686853457], [-34.9102653595249, -8.01621542191284], [-34.9102129653592, -8.01639857863373], [-34.9101939106569, -8.01652850203445], [-34.9102024342065, -8.01677507065654], [-34.9102188781731, -8.01696362645885], [-34.9102089020027, -8.01710820701591], [-34.9101907701225, -8.01726017546339], [-34.910182302403, -8.01737698599439], [-34.910196784523, -8.01749614013922], [-34.9102792587311, -8.01796447370447], [-34.9103075275118, -8.01805335084302], [-34.9104238941097, -8.01823316465618], [-34.9105273041001, -8.01830082286234], [-34.9106072328164, -8.01834284028037], [-34.9106407733523, -8.01835403799734], [-34.9106671211768, -8.01849846812571], [-34.9107431359264, -8.01891515484648], [-34.9107431392694, -8.01891587085277], [-34.910743374292, -8.01896620736199], [-34.9107266844884, -8.01903632021627], [-34.9107268328034, -8.01903642168796], [-34.9109315090873, -8.0191757934416], [-34.9109705836272, -8.01920240149262], [-34.9109518995932, -8.0190641513339], [-34.9109463224728, -8.01890935106968], [-34.9110088477865, -8.01878568285275], [-34.9111077783663, -8.01866184301779], [-34.9113324231131, -8.01843340055398], [-34.9114267018321, -8.01835313030053], [-34.9114944991342, -8.01831894661747], [-34.9115599475419, -8.01830171062744], [-34.9120062499987, -8.01824399668763], [-34.9121930345596, -8.01822377902015], [-34.9123214625425, -8.01817963663469], [-34.9125005561078, -8.01807236033444], [-34.9127012829892, -8.01791902167085], [-34.9128388094917, -8.01774420285838], [-34.9129520248866, -8.01756223725728], [-34.9130991228768, -8.01735834437813], [-34.9132465441093, -8.01722460646071], [-34.9134230004864, -8.01707137578849], [-34.913584883048, -8.01691580071077], [-34.9136380016613, -8.01685749302835], [-34.9137764199999, -8.01687378325422], [-34.9142014968546, -8.01694922281028], [-34.9143618022512, -8.01697509006787], [-34.9149005628862, -8.01696774686891], [-34.9150728320145, -8.01695726993335], [-34.9151721673785, -8.01692051988743], [-34.9153537136801, -8.01681807250889], [-34.9155979410241, -8.01662582120992], [-34.9157887528698, -8.01642898234157], [-34.9159916980096, -8.01623208519649], [-34.9160497776112, -8.01619552864568], [-34.9162339985825, -8.01614628907658], [-34.9163091535967, -8.01612900369726], [-34.9163673558956, -8.01611905679562], [-34.916433790751, -8.01614335917119], [-34.9164673788927, -8.01611612710042], [-34.9164877701454, -8.01606716391978], [-34.916487906555, -8.01599865503757], [-34.9164866548427, -8.01592695493309], [-34.9164800388609, -8.01588405436335], [-34.9164495059752, -8.01582749611865], [-34.9164334938539, -8.01581585119355], [-34.9163842885888, -8.01579975533588], [-34.9163496891093, -8.01578744738243], [-34.9163434479795, -8.01577598935544], [-34.9163371242142, -8.01576567264291], [-34.9162820382457, -8.01567579623262], [-34.9162653794601, -8.01564070646912], [-34.9162437032401, -8.01561066302377], [-34.9162262215675, -8.01559567264708], [-34.9162101003031, -8.01558783523612], [-34.9161400615094, -8.01557542716886], [-34.9160912691073, -8.01555025433869], [-34.9160773316261, -8.01554023068168], [-34.9160485529808, -8.01552205265469], [-34.9160431444523, -8.01550729362222], [-34.9160318441614, -8.0154764596764], [-34.9159819793673, -8.01544307295654], [-34.9159099305791, -8.01537152299385], [-34.9159039531313, -8.01536698435077], [-34.9158256310762, -8.01527554697045], [-34.9159428964173, -8.01517041315022], [-34.916068829227, -8.01505701653494], [-34.9161195046839, -8.01501750288651], [-34.9162168589124, -8.01496589728555], [-34.9163225927194, -8.01494256983298], [-34.9164127758543, -8.01492479421199], [-34.9164961278129, -8.01491618592062], [-34.916571331123, -8.01491430649663], [-34.9166571855222, -8.01490978195049], [-34.9166252994845, -8.01480962603438], [-34.9165437492159, -8.01451816131678], [-34.9164521517024, -8.01423313591833], [-34.9163451931074, -8.01389702897256], [-34.9162263614397, -8.01356965618093], [-34.9161115824129, -8.01332447204084], [-34.9159714093994, -8.01303830343864], [-34.9158040079607, -8.01271024122406], [-34.9157410680699, -8.01257671394491], [-34.9157188165931, -8.0125215545346], [-34.9156700047536, -8.01237152023459], [-34.9156499460295, -8.01229534013828], [-34.915628129112, -8.01213741716223], [-34.9156255369365, -8.01207302989386], [-34.9156320647905, -8.01199901172481], [-34.9156522653743, -8.01190985743749], [-34.9155975467028, -8.01183414396133], [-34.9155611672629, -8.01181894298032], [-34.9155512508858, -8.0118147996164], [-34.915546680736, -8.01181288976725], [-34.9155172130202, -8.01181583471688], [-34.9153426061575, -8.01185193438568], [-34.9153278940552, -8.01175729550803], [-34.915327703573, -8.01175612833988], [-34.9153247727663, -8.01173820980923], [-34.9152790587846, -8.01155311218284], [-34.9152462307669, -8.01150641056986], [-34.915236610455, -8.01148411398434], [-34.9152156314106, -8.01142192401106], [-34.9152155760925, -8.01139282780908], [-34.9151954534603, -8.01127772339301], [-34.9151918806601, -8.01127535325574], [-34.9151642769058, -8.01121701372798], [-34.9151460636522, -8.01117061668311], [-34.9151319463037, -8.01114438930863], [-34.9151076817732, -8.01107376246937], [-34.9150410745046, -8.01079139751881], [-34.9150173855816, -8.01072825727466], [-34.9150129275361, -8.01072161049315], [-34.9149475534124, -8.01066576438611], [-34.914912880473, -8.01064151744245], [-34.914903358925, -8.01063801139571], [-34.9148376302868, -8.01051349223502], [-34.9147583436207, -8.01038090303509], [-34.9147421336942, -8.01035326687183], [-34.9147019243169, -8.01028471562546], [-34.9146720601338, -8.01023347169454], [-34.9146714965352, -8.01023222941235], [-34.9146715870918, -8.01023219915768], [-34.9146487767773, -8.01017092259134], [-34.9146234523032, -8.01011041801581], [-34.9146233608776, -8.01011045641114], [-34.9146228955424, -8.01010908619914], [-34.9145892902859, -8.01001829045208], [-34.9145852738278, -8.01000676417407], [-34.9145826565546, -8.00999925268641], [-34.9145830714015, -8.00999913503972], [-34.9145599180795, -8.00991898857332], [-34.91455943254, -8.00987971728105], [-34.9145394038071, -8.00986615073588], [-34.9145246766265, -8.00985516238179], [-34.9144989285241, -8.00983849883927], [-34.914346003573, -8.0096661108295], [-34.9141493666721, -8.00945464846442], [-34.914044819552, -8.00933958226843], [-34.9139771375327, -8.00926956273229], [-34.9138128020264, -8.00910681771882], [-34.9135218596535, -8.0088144961424], [-34.9133199416749, -8.00857804214865], [-34.912814606617, -8.00801067556341], [-34.9126923185221, -8.0078632694569], [-34.9126382358685, -8.00779784698897], [-34.9125025992242, -8.00763376569243], [-34.912486376328, -8.00761611667066], [-34.9124285132064, -8.00755316442344], [-34.9123748656034, -8.00749368503209], [-34.9123261887227, -8.00746618657731], [-34.9123108526721, -8.00723740110175], [-34.9123109671889, -8.00723725772817], [-34.9122355147359, -8.0072644031863], [-34.912071323503, -8.00732452360972], [-34.9118518764976, -8.0073933802522], [-34.9115205719483, -8.00749526185981], [-34.9114130133322, -8.00753815928983], [-34.9112621075942, -8.00759817267291]]]}}, {"type": "Feature", "properties": {"name": null, "description": null}, "geometry": {"type": "Polygon", "coordinates": [[[-34.9149005628862, -8.01696774686891], [-34.9143618022512, -8.01697509006787], [-34.9142014968546, -8.01694922281028], [-34.9137764199999, -8.01687378325422], [-34.9136380016613, -8.01685749302835], [-34.913584883048, -8.01691580071077], [-34.9134230004864, -8.01707137578849], [-34.9132465441093, -8.01722460646071], [-34.9130991228768, -8.01735834437813], [-34.9129520248866, -8.01756223725728], [-34.9128388094917, -8.01774420285838], [-34.9127012829892, -8.01791902167085], [-34.9125005561078, -8.01807236033444], [-34.9123214625425, -8.01817963663469], [-34.9121930345596, -8.01822377902015], [-34.9120062499987, -8.01824399668763], [-34.9115599475419, -8.01830171062744], [-34.9114944991342, -8.01831894661747], [-34.9114267018321, -8.01835313030053], [-34.9113324231131, -8.01843340055398], [-34.9111077783663, -8.01866184301779], [-34.9110088477865, -8.01878568285275], [-34.9109463224728, -8.01890935106968], [-34.9109518995932, -8.0190641513339], [-34.9109705836272, -8.01920240149262], [-34.9110270463193, -8.01928960989322], [-34.9111336570519, -8.01945427755766], [-34.9115353391071, -8.02020367553431], [-34.9116280394488, -8.02040849297468], [-34.9116459653796, -8.02060920133301], [-34.9116459525079, -8.02060974654537], [-34.9116159585633, -8.02197859231124], [-34.9116159619092, -8.02197930831708], [-34.9116192596142, -8.02268497635591], [-34.9116192629561, -8.02268569145768], [-34.9116261682231, -8.02290426559352], [-34.9118850185173, -8.024040269838], [-34.9118855972719, -8.02404280938687], [-34.9118856896245, -8.02404277460337], [-34.9119046611869, -8.02411350297374], [-34.911904837818, -8.02411345242964], [-34.9119050851058, -8.02411338257197], [-34.9119047804942, -8.0241122493825], [-34.9121814202132, -8.02399858706715], [-34.9126403917645, -8.02379843161417], [-34.9128822279252, -8.02366321494133], [-34.9133206058775, -8.02340858151371], [-34.9138399918803, -8.02308184797264], [-34.9142315083584, -8.02284146550226], [-34.914720908412, -8.0225353603354], [-34.914676850645, -8.02242997214838], [-34.9145759162319, -8.02218852615257], [-34.9145723146886, -8.0221792626636], [-34.9145720202328, -8.02217855614926], [-34.9144840470543, -8.02195221915354], [-34.9144470598229, -8.02179572192548], [-34.9144201450883, -8.02160417694206], [-34.914407984103, -8.02158308105037], [-34.9143900718052, -8.02140789395906], [-34.9144075502907, -8.02138512877933], [-34.9144535832234, -8.02132517498747], [-34.9144889194912, -8.02130488076694], [-34.9144931599233, -8.02130317587287], [-34.9146700929095, -8.02123203859092], [-34.9147875846766, -8.0211847999853], [-34.9150000850574, -8.02111643179445], [-34.9150122269741, -8.02111252491319], [-34.9150277698855, -8.02110933541256], [-34.9151614736009, -8.0210819152877], [-34.9152910361678, -8.02107179378926], [-34.9153585016288, -8.02109403009948], [-34.9153586289706, -8.0210941072568], [-34.9154063538768, -8.0211230115489], [-34.9154406498192, -8.02114671302204], [-34.9154783209518, -8.02118596046984], [-34.9156556335166, -8.02112118566902], [-34.9156675335724, -8.02111637854179], [-34.9163014921675, -8.02086024451853], [-34.9163979958401, -8.02082024349157], [-34.9164338616452, -8.02080537558164], [-34.9164795240092, -8.02078644712503], [-34.9165634112443, -8.02075167603305], [-34.9167042111724, -8.02069331154973], [-34.916937812155, -8.02059648286494], [-34.9169719650471, -8.02057687383839], [-34.9170140953082, -8.02054513128946], [-34.9170436383069, -8.02051631683374], [-34.9170735235125, -8.02049898150098], [-34.9170524658765, -8.02045237554559], [-34.917047132067, -8.02038254872144], [-34.9170531321871, -8.02032763592831], [-34.9170679795914, -8.02029139156975], [-34.9171776884967, -8.02020231688161], [-34.9173434568369, -8.0200593439449], [-34.9176113767803, -8.01981610200863], [-34.917734746355, -8.01970451299236], [-34.9177781819571, -8.01962697255778], [-34.9177890774452, -8.01954833693647], [-34.9176602361543, -8.01902628455321], [-34.9176329228143, -8.01880562561929], [-34.9176109239915, -8.01865105164735], [-34.9176165967647, -8.01852628694467], [-34.9176806877405, -8.01804948966006], [-34.9177613119509, -8.01736180568257], [-34.9177802931564, -8.01713968362122], [-34.9177489670906, -8.01713109889103], [-34.9177439725814, -8.01712903465501], [-34.9176862740434, -8.01710519544613], [-34.9176373245861, -8.0170742384875], [-34.9174499906094, -8.016888003385], [-34.917254030716, -8.01673049788613], [-34.9171447671251, -8.01664743095976], [-34.9170166987198, -8.01655696764006], [-34.9169619663616, -8.01652426280044], [-34.9168425995222, -8.01645293414035], [-34.9166501005049, -8.01630420689251], [-34.9165219339686, -8.01620707634356], [-34.9165207600844, -8.01620625096788], [-34.9165118672361, -8.01619951545955], [-34.9164488403525, -8.01615495794228], [-34.9164326332867, -8.01614429754994], [-34.916433790751, -8.01614335917119], [-34.9163673558956, -8.01611905679562], [-34.9163091535967, -8.01612900369726], [-34.9162339985825, -8.01614628907658], [-34.9160497776112, -8.01619552864568], [-34.9159916980096, -8.01623208519649], [-34.9157887528698, -8.01642898234157], [-34.9155979410241, -8.01662582120992], [-34.9153537136801, -8.01681807250889], [-34.9151721673785, -8.01692051988743], [-34.9150728320145, -8.01695726993335], [-34.9149005628862, -8.01696774686891]]]}}, {"type": "Feature", "properties": {"name": null, "description": null}, "geometry": {"type": "Polygon", "coordinates": [[[-34.9177915006663, -8.00347727114602], [-34.9174503996992, -8.00373539009278], [-34.9167296466364, -8.0042904110049], [-34.9163686608105, -8.00457103803657], [-34.9159577714712, -8.00486683990149], [-34.9154920827829, -8.00519900882597], [-34.9150674732454, -8.00549985428819], [-34.9148707331012, -8.00563899740775], [-34.9146626312027, -8.00575328706603], [-34.9144482946322, -8.00587009628088], [-34.9141965797325, -8.00600824756902], [-34.9140620076388, -8.00607053835105], [-34.9140606980788, -8.00607114382322], [-34.91389475878, -8.00611799126894], [-34.9137349591335, -8.00614239293165], [-34.9135626563806, -8.00616436273223], [-34.9134020042449, -8.00620861069322], [-34.9134017017111, -8.00620869527061], [-34.91330071868, -8.00625399451441], [-34.9131736231712, -8.00632556588782], [-34.9130540924252, -8.00641204819114], [-34.9129507849871, -8.00649471692195], [-34.9128413824236, -8.00660979307196], [-34.912737134927, -8.0067584684744], [-34.9126316357687, -8.00690715057462], [-34.9125334590916, -8.0070184381242], [-34.9124339521416, -8.00711229869525], [-34.9123518400795, -8.00718615295746], [-34.9123109671889, -8.00723725772817], [-34.9123108526721, -8.00723740110175], [-34.9123261887227, -8.00746618657731], [-34.9123748656034, -8.00749368503209], [-34.9124285132064, -8.00755316442344], [-34.912486376328, -8.00761611667066], [-34.9125025992242, -8.00763376569243], [-34.9126382358685, -8.00779784698897], [-34.9126923185221, -8.0078632694569], [-34.912814606617, -8.00801067556341], [-34.9133199416749, -8.00857804214865], [-34.9135218596535, -8.0088144961424], [-34.9138128020264, -8.00910681771882], [-34.9139771375327, -8.00926956273229], [-34.914044819552, -8.00933958226843], [-34.9141493666721, -8.00945464846442], [-34.914346003573, -8.0096661108295], [-34.9144989285241, -8.00983849883927], [-34.9145246766265, -8.00985516238179], [-34.9145394038071, -8.00986615073588], [-34.91455943254, -8.00987971728105], [-34.9145599180795, -8.00991898857332], [-34.9145830714015, -8.00999913503972], [-34.9145826565546, -8.00999925268641], [-34.9145852738278, -8.01000676417407], [-34.9145892902859, -8.01001829045208], [-34.9146228955424, -8.01010908619914], [-34.9146233608776, -8.01011045641114], [-34.9146234523032, -8.01011041801581], [-34.9146487767773, -8.01017092259134], [-34.9146715870918, -8.01023219915768], [-34.9146714965352, -8.01023222941235], [-34.9146720601338, -8.01023347169454], [-34.9147019243169, -8.01028471562546], [-34.9147421336942, -8.01035326687183], [-34.9147583436207, -8.01038090303509], [-34.9148376302868, -8.01051349223502], [-34.914903358925, -8.01063801139571], [-34.914912880473, -8.01064151744245], [-34.9149475534124, -8.01066576438611], [-34.9150129275361, -8.01072161049315], [-34.9150173855816, -8.01072825727466], [-34.9150410745046, -8.01079139751881], [-34.9151076817732, -8.01107376246937], [-34.9151319463037, -8.01114438930863], [-34.9151460636522, -8.01117061668311], [-34.9151642769058, -8.01121701372798], [-34.9151918806601, -8.01127535325574], [-34.9151954534603, -8.01127772339301], [-34.9152155760925, -8.01139282780908], [-34.9152156314106, -8.01142192401106], [-34.915236610455, -8.01148411398434], [-34.9152462307669, -8.01150641056986], [-34.9152790587846, -8.01155311218284], [-34.9153247727663, -8.01173820980923], [-34.915327703573, -8.01175612833988], [-34.9153278940552, -8.01175729550803], [-34.9153426061575, -8.01185193438568], [-34.9155172130202, -8.01181583471688], [-34.915546680736, -8.01181288976725], [-34.9155512508858, -8.0118147996164], [-34.9155611672629, -8.01181894298032], [-34.9155975467028, -8.01183414396133], [-34.9156522653743, -8.01190985743749], [-34.9156320647905, -8.01199901172481], [-34.9156255369365, -8.01207302989386], [-34.915628129112, -8.01213741716223], [-34.9156499460295, -8.01229534013828], [-34.9156700047536, -8.01237152023459], [-34.9157188165931, -8.0125215545346], [-34.9157410680699, -8.01257671394491], [-34.9158040079607, -8.01271024122406], [-34.9159714093994, -8.01303830343864], [-34.9161115824129, -8.01332447204084], [-34.9162263614397, -8.01356965618093], [-34.9163451931074, -8.01389702897256], [-34.9164521517024, -8.01423313591833], [-34.9165437492159, -8.01451816131678], [-34.9166252994845, -8.01480962603438], [-34.9166571855222, -8.01490978195049], [-34.916571331123, -8.01491430649663], [-34.9164961278129, -8.01491618592062], [-34.9164127758543, -8.01492479421199], [-34.9163225927194, -8.01494256983298], [-34.9162168589124, -8.01496589728555], [-34.9161195046839, -8.01501750288651], [-34.916068829227, -8.01505701653494], [-34.9159428964173, -8.01517041315022], [-34.9158256310762, -8.01527554697045], [-34.9159039531313, -8.01536698435077], [-34.9159099305791, -8.01537152299385], [-34.9159819793673, -8.01544307295654], [-34.9160318441614, -8.0154764596764], [-34.9160431444523, -8.01550729362222], [-34.9160485529808, -8.01552205265469], [-34.9160773316261, -8.01554023068168], [-34.9160912691073, -8.01555025433869], [-34.9161400615094, -8.01557542716886], [-34.9162101003031, -8.01558783523612], [-34.9162262215675, -8.01559567264708], [-34.9162437032401, -8.01561066302377], [-34.9162653794601, -8.01564070646912], [-34.9162820382457, -8.01567579623262], [-34.9163371242142, -8.01576567264291], [-34.9163434479795, -8.01577598935544], [-34.9163496891093, -8.01578744738243], [-34.9163842885888, -8.01579975533588], [-34.9164334938539, -8.01581585119355], [-34.9164495059752, -8.01582749611865], [-34.9164800388609, -8.01588405436335], [-34.9164866548427, -8.01592695493309], [-34.916487906555, -8.01599865503757], [-34.9164877701454, -8.01606716391978], [-34.9164673788927, -8.01611612710042], [-34.916433790751, -8.01614335917119], [-34.9164326332867, -8.01614429754994], [-34.9164488403525, -8.01615495794228], [-34.9165118672361, -8.01619951545955], [-34.9165207600844, -8.01620625096788], [-34.9165219339686, -8.01620707634356], [-34.9166501005049, -8.01630420689251], [-34.9168425995222, -8.01645293414035], [-34.9169619663616, -8.01652426280044], [-34.9170166987198, -8.01655696764006], [-34.9171447671251, -8.01664743095976], [-34.917254030716, -8.01673049788613], [-34.9174499906094, -8.016888003385], [-34.9176373245861, -8.0170742384875], [-34.9176862740434, -8.01710519544613], [-34.9177439725814, -8.01712903465501], [-34.9177489670906, -8.01713109889103], [-34.9177802931564, -8.01713968362122], [-34.9177613119509, -8.01736180568257], [-34.9176806877405, -8.01804948966006], [-34.9176165967647, -8.01852628694467], [-34.9176109239915, -8.01865105164735], [-34.9176329228143, -8.01880562561929], [-34.9176602361543, -8.01902628455321], [-34.9177890774452, -8.01954833693647], [-34.9177781819571, -8.01962697255778], [-34.917734746355, -8.01970451299236], [-34.9176113767803, -8.01981610200863], [-34.9173434568369, -8.0200593439449], [-34.9171776884967, -8.02020231688161], [-34.9170679795914, -8.02029139156975], [-34.9170531321871, -8.02032763592831], [-34.917047132067, -8.02038254872144], [-34.9170524658765, -8.02045237554559], [-34.9170735235125, -8.02049898150098], [-34.9172303221307, -8.02084599185439], [-34.917235824841, -8.0208581702029], [-34.9174653081807, -8.02128140357693], [-34.9174814642799, -8.02132448386042], [-34.9174819850563, -8.02132587188647], [-34.9174820475151, -8.02132603884754], [-34.9178244891656, -8.02124165260147], [-34.9182521493785, -8.02116567742752], [-34.9186552172033, -8.02112187724504], [-34.9188827239553, -8.02109862238883], [-34.9190806020548, -8.02108783511283], [-34.9196098363516, -8.02104098065618], [-34.9200499709695, -8.02098713943144], [-34.9205051087246, -8.02094290668925], [-34.9205314637607, -8.02094046123821], [-34.9212789013991, -8.0208456598371], [-34.921648440992, -8.02080695399279], [-34.9231805547818, -8.02064701163217], [-34.9236380295596, -8.02059801925478], [-34.9240980118628, -8.0205389768878], [-34.9242533866158, -8.02051903419194], [-34.9247150860659, -8.02047244562943], [-34.9247894732455, -8.02046005677552], [-34.9249299169985, -8.02043666863591], [-34.9249304752757, -8.02043657652439], [-34.9249780376409, -8.02041100525034], [-34.9249791974768, -8.02041038145145], [-34.925104666116, -8.02038841934705], [-34.9251811388973, -8.02037477849998], [-34.9253329414249, -8.02034225132756], [-34.9253517286878, -8.02033679608771], [-34.9253589854839, -8.02033485007313], [-34.9253417197498, -8.02028875319426], [-34.925331671871, -8.02026192516434], [-34.9252755809094, -8.01980516944825], [-34.9252507392936, -8.01975911701225], [-34.9252165860966, -8.01973843264354], [-34.9249490983114, -8.01957643398039], [-34.9248472359521, -8.01949266424491], [-34.9247795452182, -8.01930430220458], [-34.924707610713, -8.01896918027113], [-34.9247040101028, -8.01895166464474], [-34.9246773621953, -8.01895543343344], [-34.924383507324, -8.01899699375393], [-34.9243791132033, -8.01896136806309], [-34.9243451060826, -8.01868567623381], [-34.9243263285312, -8.01855777603911], [-34.9242839757375, -8.01840368683626], [-34.9242351048074, -8.01823501663334], [-34.9242140066402, -8.01811238708577], [-34.9242069405493, -8.01785644332644], [-34.9242086721497, -8.01773628370805], [-34.9242621951076, -8.01763702726158], [-34.9243236110972, -8.01760576634809], [-34.9243498346576, -8.01756615808362], [-34.9243503921244, -8.01756531560692], [-34.9243886319567, -8.01746812309564], [-34.9243406060535, -8.01722990403784], [-34.924334669213, -8.01721415228652], [-34.9243061358435, -8.01721311299528], [-34.9242777866228, -8.01721208007445], [-34.9242315755954, -8.01716619241216], [-34.9241894710828, -8.01710305867745], [-34.9240879705673, -8.01693940764391], [-34.9240805055253, -8.01692212521426], [-34.9240137927804, -8.01675115784209], [-34.9239029943702, -8.01646542773168], [-34.9238347186507, -8.01621234627247], [-34.9237941574197, -8.01609639450585], [-34.9237312797355, -8.01600842184588], [-34.9236450338853, -8.01591994531119], [-34.9235415604804, -8.01582620074351], [-34.9234607145434, -8.01577432428598], [-34.9234275702818, -8.01577138530257], [-34.9234408573979, -8.0157518326157], [-34.9234552395568, -8.01572674738465], [-34.9234607702279, -8.01571860942324], [-34.9234023960117, -8.01563221042441], [-34.9233754771905, -8.01559236841364], [-34.9233744186293, -8.01559080119144], [-34.9233887225207, -8.01556758954391], [-34.923390991734, -8.01556390665361], [-34.9233991899635, -8.01553629269934], [-34.9234370025263, -8.01536993159679], [-34.9234264344813, -8.01533907738701], [-34.9234008924762, -8.01516891207964], [-34.9233546103695, -8.01509545973031], [-34.9233325805643, -8.01501397821707], [-34.923306555354, -8.01490369657295], [-34.9233106391364, -8.01474856855348], [-34.9233092543721, -8.0146993741707], [-34.9232827742187, -8.01462237224828], [-34.9232517887769, -8.01451267154459], [-34.9232203404565, -8.01430653853511], [-34.9231959052541, -8.01405025069914], [-34.9231787651348, -8.01394134603202], [-34.9231327889985, -8.01377076972744], [-34.9231163119883, -8.01367810071441], [-34.9231041664799, -8.01360874532454], [-34.923025590292, -8.01348983363564], [-34.923010739371, -8.01340195487884], [-34.9230104014803, -8.01332999764834], [-34.923015072071, -8.0132995939535], [-34.9230437424776, -8.01325357724209], [-34.9231894159105, -8.01284784352168], [-34.9232202081676, -8.0125726607437], [-34.923236600063, -8.01230553977315], [-34.9232383654501, -8.01221967188111], [-34.9231974647111, -8.01205036194987], [-34.9231516156468, -8.01185229156722], [-34.9231482350563, -8.01181552919597], [-34.9231887246959, -8.01167573055631], [-34.9232010101073, -8.01155894168014], [-34.9231747225238, -8.01130690155909], [-34.9231820680114, -8.01116295148929], [-34.9231960104009, -8.01105734807499], [-34.9232190554689, -8.01089519471637], [-34.9232310721146, -8.01078645143917], [-34.9232008111056, -8.01037132621977], [-34.923214215165, -8.00992943055757], [-34.9232159497344, -8.0098371665637], [-34.9232043229093, -8.00975247040888], [-34.9231715945227, -8.00971899917852], [-34.9231346083911, -8.00969046409033], [-34.92302555608, -8.00960419265643], [-34.9229240884953, -8.00954219785202], [-34.9227333311107, -8.0094392241518], [-34.922596227969, -8.00934578486149], [-34.9224833355786, -8.00926276948944], [-34.9223824814808, -8.00917066547044], [-34.9222873024992, -8.00904997834203], [-34.9221866856849, -8.00879827356894], [-34.9221512301777, -8.00864414970521], [-34.9221378433461, -8.00852680240077], [-34.9221283239548, -8.0084290045987], [-34.9221308534076, -8.00832437740454], [-34.9221381178366, -8.00826337989889], [-34.9221461801229, -8.0082114111639], [-34.9221717613744, -8.00813370439115], [-34.9221729802104, -8.00813000199906], [-34.9222200740549, -8.0080289298213], [-34.9223098065133, -8.00784261195309], [-34.9223965717181, -8.00766759784421], [-34.9224163466011, -8.00762529861854], [-34.922468759619, -8.00751318202944], [-34.9224713259836, -8.00750769144972], [-34.9225138021431, -8.00738782544519], [-34.9225270291494, -8.00731024315786], [-34.9225258711887, -8.00722444851438], [-34.922498188599, -8.00711770380124], [-34.9223755658134, -8.00689173351299], [-34.9223630292386, -8.00687655396394], [-34.9223602407993, -8.00687317762858], [-34.922427072023, -8.00680885674244], [-34.9224106965408, -8.00675564490446], [-34.9223290933778, -8.00665730337536], [-34.9223200566386, -8.00664614957686], [-34.9222833735762, -8.00659609984583], [-34.9222325283487, -8.00649753630007], [-34.9221845310457, -8.00640593883512], [-34.9221234612765, -8.00626397636762], [-34.9220684530033, -8.0061265014321], [-34.9220623668577, -8.00611674602202], [-34.9220391246986, -8.00611979432098], [-34.9218691391165, -8.0061304405425], [-34.9218575479261, -8.0061015862304], [-34.9218573780769, -8.00610153368198], [-34.9218582244096, -8.00609885371343], [-34.9217861841122, -8.00607624420033], [-34.9217253271283, -8.00606068489583], [-34.921607442021, -8.00604941610837], [-34.9214404773638, -8.00604687135929], [-34.9213055698058, -8.0059875123815], [-34.9213061382171, -8.00598610301217], [-34.9213113220318, -8.00597498601633], [-34.9213151804802, -8.00596709727377], [-34.9213165507358, -8.00596415811166], [-34.9213679991428, -8.00585478724558], [-34.9214122105307, -8.00578308170707], [-34.921491040541, -8.00568713069495], [-34.9215713709029, -8.00558891433858], [-34.9216223673947, -8.00551491884025], [-34.9216650298331, -8.0054349410989], [-34.9217892891369, -8.0052048108109], [-34.9218582678073, -8.00510137843166], [-34.9219579904204, -8.00495802588395], [-34.9219720203432, -8.00493811816009], [-34.9220109386895, -8.00488289572014], [-34.9220960355616, -8.00477205539008], [-34.9221873882067, -8.00466750892383], [-34.9222791220491, -8.00457792471616], [-34.9223002672118, -8.00456326898921], [-34.9223019279054, -8.00456211761318], [-34.9223050757232, -8.00455993590998], [-34.9223100158662, -8.00453941327527], [-34.9222987460794, -8.00451681177817], [-34.9222447927209, -8.00450290279825], [-34.9221724446111, -8.0045089788255], [-34.9221304845406, -8.00451084771298], [-34.9221233158895, -8.00449478879112], [-34.9221181839101, -8.00448329403468], [-34.9221125961698, -8.00446937851316], [-34.9220527893318, -8.00432044426413], [-34.9220324991836, -8.0042895818598], [-34.9220067616153, -8.0042604173435], [-34.9219871595005, -8.0042318001347], [-34.9219683063964, -8.00420411966081], [-34.9219310590413, -8.00413693956644], [-34.9218722195992, -8.00402969884737], [-34.9218443069203, -8.00398422882218], [-34.9218210154175, -8.0039395744337], [-34.9217997903054, -8.00388821673735], [-34.9217870305969, -8.00385229897886], [-34.9217364928435, -8.00372535709441], [-34.9216915818691, -8.00363478566364], [-34.9216383885313, -8.00351498917615], [-34.9216326852157, -8.00350214368541], [-34.9216124529091, -8.00348341259457], [-34.9215743786525, -8.00347586286], [-34.9215369069345, -8.00347728314164], [-34.9214882542346, -8.00349245384479], [-34.9214420261079, -8.00349142419619], [-34.9212880032209, -8.003425241546], [-34.9212642665004, -8.00341504212009], [-34.9208564156166, -8.0032486936258], [-34.9204944778143, -8.00310107112381], [-34.9197096973853, -8.00278716995383], [-34.9193229320913, -8.00263081363548], [-34.9191464461493, -8.00255940593555], [-34.9191282211042, -8.00255695749385], [-34.9191278136211, -8.00255690243258], [-34.9189844198924, -8.00264110563806], [-34.9187676295744, -8.00276664485298], [-34.9185658474289, -8.00289584980901], [-34.9183490859328, -8.00302761321469], [-34.9182158261798, -8.00311665106894], [-34.9181149853511, -8.00319183801687], [-34.9180278739337, -8.0032644713438], [-34.9179271127548, -8.00335709097481], [-34.9177915006663, -8.00347727114602]]]}}, {"type": "Feature", "properties": {"name": null, "description": null}, "geometry": {"type": "Polygon", "coordinates": [[[-34.9103475245052, -8.0186316550825], [-34.9102838711743, -8.01863379187204], [-34.9102006772457, -8.01862190224405], [-34.9101173328986, -8.01857778416534], [-34.9099735293819, -8.01854972872691], [-34.9098785350328, -8.01854359479878], [-34.9097246457341, -8.01855811973971], [-34.9095754454591, -8.01858796945181], [-34.9092506062388, -8.01859101123874], [-34.909170592619, -8.01860058823042], [-34.9091019752975, -8.01862373941811], [-34.9091014226151, -8.01862464333621], [-34.9089880561083, -8.0188100616706], [-34.9089659280976, -8.01898255659326], [-34.9089036714126, -8.01899713212269], [-34.9087014783188, -8.01905692943966], [-34.9085695881705, -8.01911640633887], [-34.908345197853, -8.01924077824446], [-34.9079266699017, -8.0195035348468], [-34.9079133984632, -8.01951186675111], [-34.9079059415158, -8.01951818638427], [-34.9079089888756, -8.01952554133741], [-34.9081378612641, -8.01983380835782], [-34.9082180422685, -8.01993513380386], [-34.9082177080288, -8.01993542375057], [-34.9082052806412, -8.01994620539904], [-34.9081163678031, -8.02000649114106], [-34.907952917586, -8.02008708132638], [-34.9076806595055, -8.02025526721046], [-34.907542566708, -8.02030852460754], [-34.9073916977674, -8.02035458146083], [-34.9071735565972, -8.02041728273451], [-34.9069262478672, -8.02047104391507], [-34.9066189489857, -8.02054141382537], [-34.9062735236575, -8.02063373183492], [-34.9061608211176, -8.02066691395635], [-34.905920894691, -8.0207424131518], [-34.9056392892862, -8.02085802342778], [-34.9053576160895, -8.02095911900687], [-34.9050251264995, -8.02109310726159], [-34.9049053158634, -8.0211374863447], [-34.9049055863046, -8.02113810347808], [-34.9049864505871, -8.0213235177535], [-34.9049972422274, -8.02135995160516], [-34.9049971441423, -8.02136031368725], [-34.9049900810058, -8.02138538731571], [-34.9048992473833, -8.02142391049549], [-34.9046413035751, -8.02153940898796], [-34.9043980142443, -8.02167479875203], [-34.904240108717, -8.02177350684039], [-34.9041602795331, -8.02183012190065], [-34.9039679657888, -8.02196709111609], [-34.9038391235308, -8.02205296340621], [-34.9037773944284, -8.02208772197292], [-34.9036447359187, -8.02213550887029], [-34.9034938411713, -8.02217612486595], [-34.9033174025894, -8.02220415578452], [-34.9032246451079, -8.02222091390274], [-34.9032007965664, -8.0222227644786], [-34.9031958433174, -8.02222489747768], [-34.9031960204422, -8.02222553764577], [-34.9032072557863, -8.02226573588567], [-34.9032082688312, -8.02226903106446], [-34.9032236331376, -8.02231902753125], [-34.9032355484581, -8.02235779871296], [-34.9032559572931, -8.02241904020681], [-34.9032864390832, -8.02248254774864], [-34.9033410742681, -8.0225798915151], [-34.903367605172, -8.02262605823154], [-34.9034043221304, -8.0226987955276], [-34.9034382437548, -8.02275303035608], [-34.9034662538297, -8.02278414737638], [-34.9035349041927, -8.02286198062554], [-34.9035397870089, -8.02286751537681], [-34.903571339171, -8.02291172956533], [-34.9035945013568, -8.02295104902522], [-34.9036189306768, -8.02299251883412], [-34.9036212428676, -8.02299626727185], [-34.903641940223, -8.02302983105231], [-34.903677088397, -8.02301453618182], [-34.9037539436851, -8.02298109449733], [-34.9037701521501, -8.02297098797091], [-34.9037747878719, -8.02296942328465], [-34.9038285769408, -8.0230864344062], [-34.9038732856092, -8.02317629213807], [-34.9038866356844, -8.02320312471181], [-34.9040281121412, -8.02315936158743], [-34.9045462241294, -8.02296966323019], [-34.9049555979098, -8.02280871244937], [-34.9053045616171, -8.02269334387665], [-34.9053204207995, -8.02268810100827], [-34.9053385779817, -8.02274450511631], [-34.9054916278533, -8.02326407939893], [-34.9055052979533, -8.02331753076794], [-34.9055066041935, -8.02332262277515], [-34.9055106491432, -8.02334007340576], [-34.9055693614618, -8.02359343678834], [-34.905573073496, -8.0236075674033], [-34.9056079405717, -8.02374025191406], [-34.9056934020098, -8.02406547620988], [-34.9057008368696, -8.02408592621549], [-34.9057031791249, -8.02408852994332], [-34.9057352266046, -8.02412412942125], [-34.9058610415784, -8.02426390383001], [-34.9059936015986, -8.02441232421271], [-34.9060667858209, -8.02449246294286], [-34.9060813638125, -8.02450637145707], [-34.9061537845749, -8.02457546415461], [-34.9061788146948, -8.02459144159317], [-34.9062213973158, -8.02459416996321], [-34.9063975487677, -8.02459335415686], [-34.9064358038716, -8.02461220132023], [-34.9064638518054, -8.02464572360677], [-34.906466045542, -8.02466432914948], [-34.9064692227337, -8.02470030364835], [-34.9064699332695, -8.02470835381201], [-34.9064707692516, -8.02471782549658], [-34.9064765421341, -8.02471406946976], [-34.9067410247608, -8.02484154502579], [-34.9067407208768, -8.02484212142191], [-34.9065135424523, -8.02527094254883], [-34.906513054282, -8.02527167891486], [-34.9065131783108, -8.02527221264559], [-34.9065665394795, -8.02550301406985], [-34.9065665002277, -8.02550354403659], [-34.9065623237223, -8.02555924594829], [-34.9065623663843, -8.02555944735825], [-34.9065704870482, -8.02559896369822], [-34.9065996114436, -8.02559916599713], [-34.9065995473432, -8.02559884082892], [-34.9065994702454, -8.02559845153199], [-34.906599743252, -8.02559845026727], [-34.906916863322, -8.02547751640465], [-34.9074299690769, -8.02530823396721], [-34.9091657875564, -8.02483975909809], [-34.9101865443073, -8.02457027591836], [-34.9113284439007, -8.02427721046555], [-34.9119046611869, -8.02411350297374], [-34.9118856896245, -8.02404277460337], [-34.9118855972719, -8.02404280938687], [-34.9118850185173, -8.024040269838], [-34.9116261682231, -8.02290426559352], [-34.9116192629561, -8.02268569145768], [-34.9116192596142, -8.02268497635591], [-34.9116159619092, -8.02197930831708], [-34.9116159585633, -8.02197859231124], [-34.9116459525079, -8.02060974654537], [-34.9116459653796, -8.02060920133301], [-34.9116280394488, -8.02040849297468], [-34.9115353391071, -8.02020367553431], [-34.9111336570519, -8.01945427755766], [-34.9110270463193, -8.01928960989322], [-34.9109705836272, -8.01920240149262], [-34.9109315090873, -8.0191757934416], [-34.9107268328034, -8.01903642168796], [-34.9107266844884, -8.01903632021627], [-34.910743374292, -8.01896620736199], [-34.9107431392694, -8.01891587085277], [-34.9107431359264, -8.01891515484648], [-34.9106671211768, -8.01849846812571], [-34.9103475245052, -8.0186316550825]]]}}, {"type": "Feature", "properties": {"name": null, "description": null}, "geometry": {"type": "Polygon", "coordinates": [[[-34.9278218572122, -8.01876640643195], [-34.9278220016805, -8.01876626833882], [-34.9282154825156, -8.01837268512122], [-34.928434027177, -8.01817416495842], [-34.9285897695715, -8.01828644499729], [-34.9287787795402, -8.01840333809631], [-34.9288044327886, -8.01841101819575], [-34.9287963610661, -8.01845038345009], [-34.9287508920704, -8.01857091843785], [-34.9287131112211, -8.01864845113032], [-34.9286795660767, -8.01878758282786], [-34.9286460440055, -8.01893065069105], [-34.9286279886013, -8.01900707395762], [-34.9285837071982, -8.01910036861728], [-34.9285549551015, -8.01913953869472], [-34.9284921852618, -8.0192171874872], [-34.9283875337402, -8.01933960879787], [-34.928314171378, -8.01942271344374], [-34.928279041846, -8.01948433584109], [-34.9282622092297, -8.01954079086056], [-34.928247117597, -8.01968800072953], [-34.9282472891765, -8.01972441180513], [-34.9282437431907, -8.01972737563911], [-34.9281646441713, -8.01979377029389], [-34.928421393237, -8.02008529884012], [-34.9285702162272, -8.02014506992485], [-34.9287044837476, -8.02016673252107], [-34.9287413123706, -8.02016656004323], [-34.9288281234704, -8.02016615347164], [-34.9289017816171, -8.02016580848633], [-34.9289622929922, -8.0201668359503], [-34.92913203691, -8.02018046240354], [-34.9291750614714, -8.02019054181607], [-34.9291978730996, -8.0201958864299], [-34.9292218614795, -8.02026132914334], [-34.9292218141814, -8.02026149299948], [-34.929221639266, -8.02026209863396], [-34.9292666858309, -8.02027185756617], [-34.9293456522606, -8.02025316327026], [-34.9294795289421, -8.02018290006503], [-34.9296245571856, -8.02013824175005], [-34.9298178517473, -8.02014910868162], [-34.9298470429322, -8.02013440299675], [-34.9298568605912, -8.02011293985447], [-34.9298598995149, -8.02010996753596], [-34.92986040046, -8.02010887399036], [-34.9299062273094, -8.02006408104305], [-34.9299889851464, -8.02004140548223], [-34.9300941114967, -8.02001993505738], [-34.9302151093934, -8.02001674711851], [-34.9304165555429, -8.02005906571597], [-34.9304892843574, -8.02008457091545], [-34.9304893779378, -8.02008460483101], [-34.9305821744876, -8.0198162866749], [-34.9305821767165, -8.01981599013352], [-34.9305837860514, -8.01974416243296], [-34.9305837882717, -8.01974386408347], [-34.93055819474, -8.01970695294271], [-34.9299527035211, -8.01930852181148], [-34.9299525309545, -8.01930866365315], [-34.9298486557046, -8.0192151662959], [-34.9298156918648, -8.01919033167285], [-34.9297801651498, -8.01914863119147], [-34.9297548596749, -8.01911892758479], [-34.9297107900039, -8.01905606695356], [-34.9296621067454, -8.01896671822785], [-34.9296164031343, -8.01890163944214], [-34.9296165240803, -8.01890151411549], [-34.929808982936, -8.01870393278804], [-34.9298551257836, -8.01860750221152], [-34.930088255799, -8.01757792721184], [-34.9301390941323, -8.01741844009948], [-34.9302084898993, -8.01731194962051], [-34.930326045474, -8.01718366447375], [-34.9306110307718, -8.01691691668921], [-34.9308546018369, -8.01669017125237], [-34.9309307630791, -8.01660687335298], [-34.9309600205213, -8.01658339256049], [-34.9309601242992, -8.01658347343934], [-34.932006877863, -8.01739665306736], [-34.9320086785005, -8.01739805495211], [-34.9330057109314, -8.01829911432586], [-34.9330624488578, -8.01833202514059], [-34.9331840912701, -8.01836463044514], [-34.9338898238632, -8.01838620283717], [-34.9340295825947, -8.01837890999927], [-34.9341492167182, -8.01833853546668], [-34.9342487687146, -8.01827503091037], [-34.9342508876948, -8.01827297417787], [-34.9342540508041, -8.01827095684121], [-34.9348686561228, -8.0176742044295], [-34.9351932965747, -8.01734754954999], [-34.9352741830101, -8.01720782661915], [-34.9353051358846, -8.01706668021189], [-34.9353051390089, -8.01706638185892], [-34.9353094322121, -8.01692068129485], [-34.935281907309, -8.01673004494398], [-34.9352151727024, -8.01634219042453], [-34.9350750241942, -8.01609224625704], [-34.9348176961082, -8.01577389629723], [-34.9347774968507, -8.01564089684678], [-34.9347774918173, -8.01564059943607], [-34.9347736240962, -8.01552479630019], [-34.934812206887, -8.01523763710601], [-34.9348122091051, -8.0152373387572], [-34.9348150011531, -8.01512648117926], [-34.9347929739992, -8.01504198396486], [-34.9347575931653, -8.01495091367234], [-34.9346511006548, -8.0147393130904], [-34.9345297273036, -8.01450406620723], [-34.934407771376, -8.01423800362248], [-34.9343683523249, -8.01415200317209], [-34.9342946888613, -8.01405590149458], [-34.9342466754873, -8.0139897112563], [-34.9342017788985, -8.01394357371534], [-34.9342018294294, -8.01394332667086], [-34.9342479819686, -8.01370754017417], [-34.9342790265345, -8.01360127547231], [-34.9342790117387, -8.01360102331009], [-34.9342790251339, -8.0136009789485], [-34.9342747553039, -8.01353036237149], [-34.9342747502525, -8.0135302530044], [-34.9342781105595, -8.01340869412398], [-34.9342781155204, -8.01340840028244], [-34.9342773372593, -8.01324362705209], [-34.934220039655, -8.0127997729264], [-34.934155305094, -8.01268663932763], [-34.9334798510825, -8.01220820726345], [-34.933289044228, -8.01204464249671], [-34.933289293265, -8.01204456177182], [-34.9336693262301, -8.0119206015388], [-34.9340449160826, -8.01171029916318], [-34.9343255028416, -8.01151940034918], [-34.9343284921442, -8.01151688660828], [-34.9345566207514, -8.01132494282659], [-34.9347194371519, -8.01115276978598], [-34.9353794519378, -8.01045603261417], [-34.9354857400058, -8.0103420557329], [-34.935511588787, -8.01031463462912], [-34.9355114448056, -8.01031449065607], [-34.9355115873861, -8.01031433810545], [-34.9354294063796, -8.01023168093151], [-34.9354980025301, -8.01013171122281], [-34.9355391622816, -8.00999533922033], [-34.9355297219179, -8.00992110090156], [-34.9355047112651, -8.00986905519497], [-34.9354188160061, -8.0097627128989], [-34.9352826109384, -8.00959408852489], [-34.9350478157111, -8.00932268806493], [-34.935030974844, -8.00927403847756], [-34.9347438761503, -8.00908236145279], [-34.934707754182, -8.00906906862115], [-34.9346365798251, -8.00907576979441], [-34.9341746947735, -8.00895777101885], [-34.9339458782842, -8.00888273613837], [-34.933944489738, -8.00878108511784], [-34.9339338344876, -8.00857887957243], [-34.9339104289622, -8.00839316322912], [-34.9338938690148, -8.0082010538376], [-34.9338258680769, -8.00805300616097], [-34.9337308425166, -8.0079386283769], [-34.9336903879094, -8.00786820851022], [-34.9336757390607, -8.00778084587148], [-34.933675486433, -8.00772730520569], [-34.9336855488298, -8.00766533105577], [-34.9336947455876, -8.00755790951723], [-34.9336923286898, -8.00745664299932], [-34.933636191776, -8.00721723713035], [-34.9336008424757, -8.00713160785932], [-34.9335583928632, -8.00704988393947], [-34.9335231243923, -8.00694273772458], [-34.9334992668799, -8.00686279171099], [-34.9334165337391, -8.00660996403285], [-34.9333836005966, -8.00648854715264], [-34.9333812964298, -8.00641114898912], [-34.9333802252323, -8.00628345869281], [-34.9333798200494, -8.00623505196387], [-34.933379876933, -8.00611020506269], [-34.9334211406654, -8.00594035727433], [-34.9334888873369, -8.0057600646611], [-34.9336036677571, -8.00553568768422], [-34.9336680011951, -8.00545475153519], [-34.9337652641989, -8.00535817906895], [-34.9340249282854, -8.0051176400734], [-34.9343030664061, -8.00484876080392], [-34.9342554529565, -8.00459598291432], [-34.9341539257745, -8.00434037037029], [-34.9341523066956, -8.00427170220986], [-34.9341251801411, -8.00414569268094], [-34.9340518336942, -8.00396189279806], [-34.9340380726504, -8.00393290272455], [-34.9340331740015, -8.00393747941716], [-34.9340304344071, -8.0039338941121], [-34.9340212200556, -8.00392377208625], [-34.9339550519313, -8.00388622844686], [-34.9339115519461, -8.00385611387123], [-34.9338017695448, -8.00376825410236], [-34.9336815867435, -8.0036701205079], [-34.933680817131, -8.003669626883], [-34.9336300208287, -8.00361741695407], [-34.9335933874555, -8.00363019115952], [-34.9334898326132, -8.00370414455305], [-34.9334818354703, -8.00370884424465], [-34.933416518856, -8.0037472345786], [-34.9333725252473, -8.0037872653122], [-34.933334603956, -8.00382177183109], [-34.9332830136905, -8.00383160919676], [-34.933241924837, -8.00384139735831], [-34.9332141199267, -8.0038397845996], [-34.9331421472699, -8.00384012177557], [-34.9331281450789, -8.00384018737127], [-34.9331194178213, -8.00384546274582], [-34.9331152241996, -8.00384837899028], [-34.9330924580542, -8.00386421171367], [-34.9330349567742, -8.00390302103409], [-34.9330304336657, -8.00390607443], [-34.9330305110119, -8.00390632087529], [-34.9330320626503, -8.00391128772895], [-34.933034584832, -8.00391935366415], [-34.9330473173503, -8.0039600841714], [-34.9330542792889, -8.00397319474012], [-34.9330851331289, -8.00403130583286], [-34.9330923832, -8.00405147392815], [-34.9330922973223, -8.00405153399824], [-34.9330923846023, -8.00405177135637], [-34.9330900841968, -8.00405342570883], [-34.9330796460239, -8.00406092675083], [-34.9329169972545, -8.00415199946463], [-34.9328718791091, -8.0041909153065], [-34.9328216324913, -8.00423953129216], [-34.9327625915212, -8.00434614757702], [-34.9325444260601, -8.00474011432699], [-34.9325141699915, -8.00477380108587], [-34.9324547829825, -8.00480568779067], [-34.9323643606626, -8.00484352479288], [-34.9323106955203, -8.00485345134632], [-34.9321903648602, -8.00486175631211], [-34.9320830023429, -8.00487516087867], [-34.9320358233943, -8.00488828270321], [-34.9319938598723, -8.00490976794835], [-34.9319725984053, -8.0049298643555], [-34.9319481392668, -8.00495771627637], [-34.9319224905088, -8.00500815260647], [-34.9318744298414, -8.00510900920595], [-34.9317072174011, -8.00546780712093], [-34.931630959838, -8.0056274971126], [-34.9315635175871, -8.00573553859446], [-34.9314530229121, -8.00590829158755], [-34.9313490730362, -8.00609649501869], [-34.931275249893, -8.00622391952796], [-34.9312558428633, -8.00622530047258], [-34.9311900576562, -8.00613529937567], [-34.9310950381145, -8.00602156616747], [-34.9310384482569, -8.00596054857916], [-34.9309474408553, -8.00587388935051], [-34.9308532300398, -8.00579434103782], [-34.9307642759911, -8.0057315410852], [-34.930616338238, -8.0056490184581], [-34.9305333161749, -8.00560941232266], [-34.930404866298, -8.00554227950362], [-34.9303621131709, -8.00553344890456], [-34.9303284793343, -8.00553747835531], [-34.9302710307018, -8.00556870933853], [-34.9301200071232, -8.00565521196712], [-34.9299522450392, -8.00576049873567], [-34.9298864048041, -8.00579628561237], [-34.9298108353832, -8.00582760221873], [-34.9297378209577, -8.00585181090561], [-34.9296764085234, -8.0058656445792], [-34.9296188161583, -8.00586655855383], [-34.9295430684606, -8.00585981869187], [-34.9294556103414, -8.00584022904746], [-34.9293117201709, -8.00579252126554], [-34.9291800638296, -8.00573185619996], [-34.9289568500801, -8.00560517444638], [-34.9288445965998, -8.00554183653493], [-34.9287660957258, -8.00550027507777], [-34.9286948054029, -8.00547803037881], [-34.9286235657701, -8.0054667516684], [-34.9285322855041, -8.00545943780598], [-34.9283135293621, -8.00545529812906], [-34.9276812013689, -8.00544083817787], [-34.9270535398816, -8.00542471909999], [-34.9267220191416, -8.00541693482783], [-34.9266456532919, -8.00541664595149], [-34.9266068707069, -8.00542650321588], [-34.926592688983, -8.00543818028797], [-34.9265824141436, -8.00545500130054], [-34.9265735305151, -8.00549245641901], [-34.9265607967057, -8.00553702639076], [-34.9265390895382, -8.00560034598705], [-34.9265192237714, -8.00564172267142], [-34.9264858068556, -8.00569154869875], [-34.9264324053412, -8.00575824198105], [-34.926306869697, -8.0058981646683], [-34.9261169823277, -8.00611515067383], [-34.9260950728926, -8.00613524988357], [-34.9260228610911, -8.00619235389846], [-34.9259667900869, -8.00624164198233], [-34.9258966321571, -8.00632260359676], [-34.9258342273451, -8.00640094791731], [-34.9257943737945, -8.00645854634593], [-34.9257686865471, -8.006500595696], [-34.925718096296, -8.00661436562461], [-34.9256931669207, -8.00668028044866], [-34.9256542163648, -8.00679205954255], [-34.9256330899056, -8.00684118357422], [-34.9256100053038, -8.00688644736649], [-34.9255817235256, -8.00692721782763], [-34.9255448744404, -8.00697163729162], [-34.9255309064257, -8.00698847282358], [-34.9255219532056, -8.00699685096246], [-34.9255973344936, -8.00707668655793], [-34.9257761267347, -8.00721835083089], [-34.9258701890395, -8.00733932068665], [-34.9258701502892, -8.00733956677208], [-34.9258502134898, -8.00746467246333], [-34.9258227568902, -8.00750714505345], [-34.9258071876884, -8.00753123231028], [-34.925783891647, -8.00757396211656], [-34.9257839272113, -8.00757419610222], [-34.9257935055474, -8.00763689048129], [-34.9257935014991, -8.00763718703211], [-34.9257934211104, -8.00763976669257], [-34.9257901469346, -8.00774475879541], [-34.9257861166177, -8.00787412609669], [-34.9257860632399, -8.00787569850747], [-34.9257892033803, -8.00810869554203], [-34.9257892093086, -8.00810899204623], [-34.9257892934179, -8.0081153101336], [-34.9260242546559, -8.00810331813168], [-34.9261261663267, -8.00809811668265], [-34.9262919818473, -8.00808609847587], [-34.9263347957929, -8.00809970170571], [-34.9263649943852, -8.00813696886956], [-34.9264468259224, -8.00824756457798], [-34.9265261836347, -8.00836440621485], [-34.9266257580159, -8.00852354838375], [-34.9266915332865, -8.00867786071342], [-34.9267425019812, -8.0088758857009], [-34.9267983923071, -8.00905643027274], [-34.9268226709091, -8.00916479952861], [-34.9268408223768, -8.00930062930403], [-34.9268408106488, -8.00930083548454], [-34.9268330328799, -8.0094467292654], [-34.9268040784475, -8.00958707885368], [-34.9268034190997, -8.00959383345534], [-34.9267933392272, -8.00969686746502], [-34.9267926798496, -8.00970361573847], [-34.9267926985584, -8.00970373679507], [-34.9268068682135, -8.00979457653985], [-34.9268299480932, -8.00991417438426], [-34.926856550445, -8.00998512546878], [-34.9269236941458, -8.01016437068173], [-34.9269654852844, -8.01027265715591], [-34.9270134243396, -8.0103584725032], [-34.9270649950351, -8.01041808477073], [-34.9271165697923, -8.01047894280371], [-34.9271668185343, -8.01052359813481], [-34.9271983258579, -8.01057332785094], [-34.9272199314454, -8.01064554984329], [-34.9272199346543, -8.0106458463599], [-34.9272215625166, -8.01072659299236], [-34.9272306905342, -8.01080510589284], [-34.9272610302428, -8.01087229935371], [-34.9273000602675, -8.01092573488727], [-34.9273553411876, -8.01097660104988], [-34.9274218282652, -8.01101619272079], [-34.9274328169832, -8.01102309085661], [-34.9274326746541, -8.01102329764761], [-34.9273927981468, -8.01108065047499], [-34.9273466660157, -8.01111328571683], [-34.9272767729765, -8.0111472805356], [-34.9271831104168, -8.01118138464616], [-34.9270894379212, -8.01121299538825], [-34.9270495005558, -8.01123313375973], [-34.927024653186, -8.01126941048719], [-34.926994900948, -8.011326908537], [-34.9267783715812, -8.01156858042501], [-34.9265308019304, -8.01186027340873], [-34.9263367538827, -8.01209435631377], [-34.926284507907, -8.01215694806165], [-34.926220832864, -8.01218342989482], [-34.9261784886937, -8.01222353116623], [-34.9261527111982, -8.01232839333004], [-34.9261037356316, -8.0125543172183], [-34.9260658061291, -8.01273530109249], [-34.9260171530361, -8.01302980459783], [-34.9259964856593, -8.01315708799865], [-34.9259964943138, -8.01315738539405], [-34.9259965807519, -8.01315917955002], [-34.9259965783201, -8.01315924103747], [-34.9259958299467, -8.01316384529762], [-34.92599583769, -8.01316414179322], [-34.9260013658854, -8.01327853565055], [-34.9260252307027, -8.01337271672692], [-34.9260332374627, -8.01340432865717], [-34.9260875503793, -8.01351505187609], [-34.9261146513619, -8.01355234880642], [-34.9261769470369, -8.01363808173047], [-34.9262501004226, -8.01376492756442], [-34.9262521937775, -8.01376956374635], [-34.9262524730811, -8.0137699394341], [-34.926295617651, -8.013828241334], [-34.9264477282362, -8.0140454576846], [-34.9265246042833, -8.01413900125072], [-34.926753643215, -8.01446041053648], [-34.9268521193617, -8.01463974955565], [-34.9269256440758, -8.01485176581864], [-34.9269579580732, -8.01497586960631], [-34.9269901985671, -8.01508415720385], [-34.9270017640982, -8.01513380471214], [-34.9270017645868, -8.01513410124148], [-34.9270004047731, -8.01532193777236], [-34.9269748292901, -8.01552478735331], [-34.9269744191894, -8.01552957445951], [-34.9269741726926, -8.01553154465443], [-34.9269441012398, -8.01588411219466], [-34.9269317897304, -8.0161575285183], [-34.926931793847, -8.01615782503062], [-34.9269344548745, -8.01624336376262], [-34.9269393433411, -8.01631789238171], [-34.9269780326393, -8.0163515992159], [-34.9270327035969, -8.01641008209252], [-34.9270578895466, -8.01646418346935], [-34.9270673375362, -8.01654546849026], [-34.9270835841652, -8.01662672171085], [-34.927104440997, -8.01672376717722], [-34.927145894926, -8.01686364195286], [-34.9271925591139, -8.01701883694846], [-34.9272378610336, -8.01714108713842], [-34.9273317941633, -8.01735526692783], [-34.9273843370992, -8.01744312804061], [-34.9274142467973, -8.01753787186294], [-34.927414250923, -8.01753817018323], [-34.9274183012864, -8.01774844269888], [-34.9274183014822, -8.01774848428477], [-34.9274183054037, -8.01774873921115], [-34.9274099183232, -8.01785040377683], [-34.927405830717, -8.01792170889488], [-34.9274058223497, -8.01792185810385], [-34.9274113901455, -8.01800578482318], [-34.9274232175059, -8.01806996200486], [-34.9274280705261, -8.01809628630252], [-34.9274784364011, -8.01828015601335], [-34.9274945569351, -8.01834960817521], [-34.9274946198993, -8.01834988181057], [-34.9273359164466, -8.01841288606407], [-34.9273181807761, -8.01841223314246], [-34.9272530640982, -8.01839044530553], [-34.9272190676435, -8.01838839393692], [-34.9270131071923, -8.01847433909717], [-34.9269990470028, -8.01848377816296], [-34.9269989493605, -8.01848384461613], [-34.9271484777317, -8.01883012404624], [-34.9271611285348, -8.01889157887747], [-34.9273095078786, -8.01889250921785], [-34.9274284652711, -8.0188414436918], [-34.927526901969, -8.01880290498294], [-34.927680205323, -8.01872720126593], [-34.927765695134, -8.01870571037465], [-34.9278218572122, -8.01876640643195]]]}}, {"type": "Feature", "properties": {"name": null, "description": null}, "geometry": {"type": "Polygon", "coordinates": [[[-34.9295251460167, -7.98825822997315], [-34.9294318143622, -7.98836537802647], [-34.929385535984, -7.98844130085445], [-34.9293472466289, -7.98851585923854], [-34.9292874829742, -7.98866049114785], [-34.9292840108338, -7.98866889612066], [-34.9292418209686, -7.98875411981676], [-34.9292115861337, -7.98881519453273], [-34.9291771548005, -7.98889651535894], [-34.9291693350734, -7.98893374124938], [-34.9291269553535, -7.98898839505186], [-34.9290911735743, -7.9890297374262], [-34.9290586168704, -7.98907128443618], [-34.929038322103, -7.98912255253677], [-34.9289936467725, -7.98922024305825], [-34.9289454441294, -7.98929083999799], [-34.9289099450257, -7.9893634181218], [-34.9289093164719, -7.9893639860921], [-34.9289092625712, -7.98936409573484], [-34.9289091880111, -7.98936424796482], [-34.9288760859314, -7.98939414870437], [-34.9288759170488, -7.98939430047043], [-34.9288512927119, -7.98943149719203], [-34.9288384712942, -7.98946486891045], [-34.9288214544624, -7.98948588633795], [-34.9288126728449, -7.98949673534881], [-34.9287928005515, -7.98953503906698], [-34.9287918260989, -7.98954866417954], [-34.9287894807841, -7.98958149791988], [-34.9287866336625, -7.98960326378883], [-34.9287785004909, -7.98962975633794], [-34.9287786523122, -7.98966208842628], [-34.9287746694271, -7.98969267689062], [-34.9287677327096, -7.98972269240297], [-34.9287543282008, -7.98975685247081], [-34.9287391579795, -7.98979160841652], [-34.9287369076747, -7.98981454587486], [-34.9287400437418, -7.98985450696117], [-34.9287354603621, -7.98988333440716], [-34.9287208612147, -7.98991397331226], [-34.9286992140087, -7.98995111094006], [-34.928681633934, -7.98997366970573], [-34.9286757652, -7.98998120169038], [-34.92865586986, -7.99001421676671], [-34.92865130579, -7.99004715759582], [-34.9286536088509, -7.99016061088806], [-34.9286497011722, -7.99024082285093], [-34.928648766328, -7.99025998605037], [-34.9286467221507, -7.99032701354904], [-34.9286510160345, -7.99036226721826], [-34.9286500054427, -7.99039813237359], [-34.9286437143188, -7.99043990127028], [-34.9286432766582, -7.99047223701464], [-34.9286369662098, -7.99050989072103], [-34.9286365469717, -7.99054634256415], [-34.9286366822387, -7.99057514799339], [-34.9286344126138, -7.99059397116635], [-34.9286210283089, -7.99063224552018], [-34.9285715135322, -7.99076298755844], [-34.9285455413456, -7.99082489130006], [-34.928527769422, -7.99086724716476], [-34.9285157256062, -7.99089607054997], [-34.928489863969, -7.99095795659869], [-34.9284764962188, -7.99099976032596], [-34.9284642899665, -7.99103802827963], [-34.9284609315462, -7.9910762576609], [-34.9284600740884, -7.99108428248191], [-34.9284569771958, -7.99111331183283], [-34.9284517389717, -7.99112803448179], [-34.9284236772414, -7.99118048608271], [-34.9283985638773, -7.99123292483015], [-34.9283978077701, -7.99123375557307], [-34.9283797885821, -7.99125358884126], [-34.9283792309764, -7.99125420168356], [-34.9283790324748, -7.99125441958418], [-34.9283725260519, -7.99126077203459], [-34.9283598896851, -7.99127311265056], [-34.9283598030164, -7.99127319713257], [-34.9283567093142, -7.99128726246826], [-34.9283523218519, -7.99130721384695], [-34.9283365059656, -7.99133021641302], [-34.9283254041092, -7.99135201808939], [-34.9282990399796, -7.99138917953689], [-34.9282814684952, -7.99141512758469], [-34.9282807943391, -7.99141583499295], [-34.9282807114763, -7.99141595742769], [-34.9282120494947, -7.99148800049003], [-34.928173547132, -7.99152674100453], [-34.9281727220943, -7.99152757116481], [-34.928155665569, -7.9915376451285], [-34.9281555975506, -7.99153764544586], [-34.9281549219012, -7.99153764859818], [-34.9281548538828, -7.99153764891553], [-34.9281540747553, -7.99153917860405], [-34.9281534408537, -7.99153976739257], [-34.928153379744, -7.99153988701361], [-34.9281533177359, -7.99154000844695], [-34.9281075169868, -7.9915825493236], [-34.9280672852199, -7.99159871809474], [-34.9280557164543, -7.99160336650154], [-34.9279903722899, -7.99165152687493], [-34.9279902267779, -7.99165163423288], [-34.9279522061269, -7.99170412595546], [-34.9279496326062, -7.99170767826119], [-34.9279492468401, -7.99170799648196], [-34.927949146818, -7.99170813436572], [-34.927948875586, -7.9917085081039], [-34.9278971771521, -7.99175107828829], [-34.9278610732435, -7.99178511281194], [-34.9278448086475, -7.99180044470326], [-34.9278413973474, -7.99180365918216], [-34.9277997526841, -7.99184265391116], [-34.9277994727635, -7.99184291558635], [-34.9277430016087, -7.99191263887285], [-34.9276996626755, -7.99197692083455], [-34.9276782828237, -7.99203202088409], [-34.92767635445, -7.99203699407469], [-34.9276709388832, -7.99204369853455], [-34.9276611086639, -7.99205587597535], [-34.9276609377368, -7.99205597893152], [-34.9276608737194, -7.99205605878743], [-34.9276603516426, -7.99205670581781], [-34.9276397700639, -7.99206914767232], [-34.9276103176537, -7.99207692798301], [-34.9276102795294, -7.99207692092836], [-34.9276102496352, -7.99207692830028], [-34.9275777844337, -7.99207061389608], [-34.9275334650462, -7.99205200622079], [-34.9274942408129, -7.99202547690272], [-34.9274808091157, -7.99201639226825], [-34.9274317489637, -7.99199251793794], [-34.9273932608586, -7.99196321694075], [-34.9273619086041, -7.99193934679943], [-34.9273027388518, -7.99189788137904], [-34.9272122121236, -7.99183539902779], [-34.9271864795973, -7.99181817462789], [-34.9271420972692, -7.99178846623313], [-34.9271276124916, -7.99177877082892], [-34.9271012536026, -7.99176122840142], [-34.927076735183, -7.99174490962404], [-34.9270478122462, -7.99171515896043], [-34.9270340675302, -7.99170101845082], [-34.9270244270436, -7.99169178593344], [-34.9270022617705, -7.99167056068861], [-34.9269949680897, -7.99166357557096], [-34.9269554441066, -7.99165142937997], [-34.9269266978119, -7.99167111011323], [-34.9269265947505, -7.99167118020644], [-34.9269063819182, -7.99171195718573], [-34.9268688531737, -7.99175798703426], [-34.926868097062, -7.99175881777532], [-34.9268324749074, -7.99179813060171], [-34.9268317215248, -7.99179896313813], [-34.9268041838332, -7.99182939926686], [-34.9267947653288, -7.99184041576636], [-34.9267798728496, -7.9918615416821], [-34.9267580215423, -7.99189254074451], [-34.926725309827, -7.99195971128796], [-34.9267004005435, -7.99200679880854], [-34.9266890072741, -7.99202063704747], [-34.9266674228285, -7.99204685419051], [-34.9266671275232, -7.99204712316931], [-34.9266669255198, -7.99204736820753], [-34.9266666658047, -7.99204768403158], [-34.9266427026851, -7.99206950135111], [-34.926642471495, -7.99206971126705], [-34.9266118482502, -7.99210166522897], [-34.9265787713649, -7.99214069044038], [-34.9265786186393, -7.99214080687221], [-34.926578495075, -7.99214095300208], [-34.9265780143408, -7.99214152028138], [-34.9265445802789, -7.99216704862331], [-34.9265206023729, -7.99218475072239], [-34.9265099899054, -7.9921925841623], [-34.9265080319585, -7.99219377037754], [-34.9264806764311, -7.99222186955324], [-34.9264805247906, -7.99222202395056], [-34.9264636565578, -7.99225311187931], [-34.9264561365856, -7.9922843044933], [-34.9264297391147, -7.99231440983289], [-34.9264055427478, -7.99234238398351], [-34.9264053873862, -7.99234251850881], [-34.9264051889338, -7.99234274725733], [-34.926404785723, -7.99234321382433], [-34.9264000290517, -7.99234731602628], [-34.9263997427176, -7.99234756416977], [-34.9263727776515, -7.9923780889257], [-34.9263676077665, -7.99238477866814], [-34.9263673258143, -7.99238499424498], [-34.926367228457, -7.99238512036336], [-34.9263668507415, -7.99238560850897], [-34.926351518615, -7.99239731615242], [-34.9263370100341, -7.99241135424189], [-34.9263367987703, -7.99241155864047], [-34.9263159220667, -7.99244133537989], [-34.9262994972103, -7.99246022364845], [-34.926299105522, -7.9924606332059], [-34.9262987401851, -7.99246105348918], [-34.9262544559981, -7.99250737155705], [-34.9262061734017, -7.99256206178509], [-34.9261381546288, -7.99263910470413], [-34.9261380426378, -7.99263920467289], [-34.9261377990556, -7.99263947973882], [-34.926137397603, -7.99263993454474], [-34.926112729968, -7.9926618021427], [-34.9260892625955, -7.99267988607366], [-34.9260756036374, -7.99269041063257], [-34.92607544369, -7.99269053433043], [-34.9260278210444, -7.99275425756274], [-34.9259932772557, -7.99280791639441], [-34.9259687345947, -7.99285623713939], [-34.9259628285892, -7.99289625129351], [-34.925961873965, -7.99290271254803], [-34.9259401969556, -7.99293338351055], [-34.9259397147191, -7.99293382422793], [-34.92593959129, -7.99293399928705], [-34.9259394399289, -7.99293421335098], [-34.9259327130234, -7.99294036610359], [-34.925907806594, -7.99296314881471], [-34.9259076070179, -7.99296333146119], [-34.9258721568555, -7.99301247601667], [-34.9258557686295, -7.99303918242798], [-34.9258522584085, -7.99304490251101], [-34.92584993886, -7.99304962709741], [-34.9258499226967, -7.99304966152709], [-34.9258207116911, -7.99310912940637], [-34.9258169856369, -7.99311678699451], [-34.9258049415257, -7.99314153756304], [-34.9258017633568, -7.9931468953779], [-34.9257895932939, -7.99316741643081], [-34.9257780243308, -7.99318692846183], [-34.9257645744466, -7.99321109523014], [-34.925760935214, -7.99322063466908], [-34.925745930362, -7.99325997521661], [-34.9257225652646, -7.99330026150243], [-34.9257028133204, -7.99335464605715], [-34.9256903236647, -7.99340545194036], [-34.9256789055921, -7.99343780003428], [-34.9256697090969, -7.99345052958849], [-34.9256468170304, -7.99350369111872], [-34.9256308367649, -7.9935498989421], [-34.9256228353629, -7.99357069709796], [-34.9256021711897, -7.99360539454494], [-34.9255953468327, -7.993630799736], [-34.9255723853387, -7.99366896863647], [-34.9255586428846, -7.99369902039892], [-34.9255578011955, -7.9937001697674], [-34.9255572901865, -7.99370066395835], [-34.9255571261748, -7.99370088802586], [-34.9255570441668, -7.99370099960763], [-34.9255311189868, -7.99372606077314], [-34.9255309808517, -7.99372619431396], [-34.9255077773251, -7.99377038539006], [-34.9254942604222, -7.99379612553623], [-34.9254557141489, -7.99387743022305], [-34.9254518992022, -7.99388547425933], [-34.9254288556362, -7.99393399504341], [-34.9254257622043, -7.99395413477107], [-34.9254237055046, -7.9939675280812], [-34.9254164685379, -7.99397631583477], [-34.9254066993293, -7.9939881828698], [-34.9253880083205, -7.99402707048431], [-34.9253802767121, -7.99404313010084], [-34.925358221668, -7.99408893770979], [-34.9253489515121, -7.99412425467665], [-34.9253448979685, -7.99413537815406], [-34.9253326469632, -7.99416901028118], [-34.9253138970959, -7.99419496376254], [-34.9253131400659, -7.99419579360267], [-34.9253083551626, -7.99420103776037], [-34.9253075981325, -7.99420186760051], [-34.9252810389007, -7.9942309773906], [-34.9252447172494, -7.99428288066916], [-34.9252207427965, -7.99432649673583], [-34.9252121029672, -7.99436220403264], [-34.9252114855041, -7.99436475274728], [-34.9252039709427, -7.99439712062152], [-34.9252038185436, -7.99439788707182], [-34.9251947531545, -7.99444360702515], [-34.9251855326053, -7.99448950489776], [-34.9251797540602, -7.99450082265057], [-34.9251650776722, -7.99452957601161], [-34.9251362292463, -7.9945749198514], [-34.9251264393479, -7.99459030830082], [-34.9251042048878, -7.99462803714658], [-34.9250802910507, -7.99468458462672], [-34.9250701969216, -7.99471052398794], [-34.9250598940016, -7.99473700223879], [-34.9250416796844, -7.99476306080492], [-34.9250265022873, -7.99478477476408], [-34.925016090333, -7.99481778627198], [-34.925013030442, -7.9948274830303], [-34.9250084889136, -7.99484188600498], [-34.9249958618506, -7.99488023637416], [-34.9249945330873, -7.9948842773929], [-34.9249788354301, -7.99493255691426], [-34.9249614142937, -7.99499025122796], [-34.924941642761, -7.99504048804134], [-34.9249410153692, -7.9950420803052], [-34.924935644818, -7.99506130217536], [-34.9249356251582, -7.99506136464725], [-34.9249299941609, -7.99508152072269], [-34.9249170606019, -7.99510673288898], [-34.9249124618303, -7.99511569910404], [-34.924902641988, -7.99513979109365], [-34.9248961369761, -7.99515575187563], [-34.9248921492677, -7.99518575275762], [-34.924893496386, -7.99520071050859], [-34.9248946377394, -7.99521337109364], [-34.924885945104, -7.99524633390818], [-34.9248833818425, -7.99525150352411], [-34.9248817947921, -7.9952608073853], [-34.9248736768716, -7.99527108190302], [-34.9248479017048, -7.99530823960673], [-34.9248362266698, -7.99533416102148], [-34.9248359135714, -7.99533759881877], [-34.924826418208, -7.9953583605416], [-34.9248167666292, -7.99537946201545], [-34.9247937466182, -7.99545043867631], [-34.9247654411728, -7.99553771036417], [-34.9247652582022, -7.99553969382401], [-34.9247610107488, -7.99555260011106], [-34.9247593980276, -7.99557557712124], [-34.9247455265754, -7.99562397741613], [-34.9247394114671, -7.99564011628997], [-34.9247353926751, -7.99566310360776], [-34.9247234597839, -7.99568509898039], [-34.9247060429724, -7.99571123338667], [-34.9246931657084, -7.9957517438232], [-34.9246742431703, -7.99582347979044], [-34.9246610132333, -7.99586227776959], [-34.924645435798, -7.99591377067339], [-34.9246311609246, -7.99594983240654], [-34.9246230324004, -7.99597660971626], [-34.9246171043435, -7.99598390057049], [-34.9246168780114, -7.99598418007611], [-34.9246166430846, -7.99598436740749], [-34.9246165177429, -7.99598452168204], [-34.9246163473094, -7.99598473041037], [-34.9246161209773, -7.99598500991597], [-34.9246116510274, -7.99598857104976], [-34.9245996742335, -7.99599811227204], [-34.9245908828605, -7.99600499607904], [-34.9245907093628, -7.99600513159267], [-34.9245665679037, -7.99603617745692], [-34.9245616429417, -7.9960440521811], [-34.9245392614258, -7.9960798415931], [-34.9245252965072, -7.99610870283757], [-34.9245226333042, -7.99612756855112], [-34.9245251996236, -7.99616115152971], [-34.9245259552858, -7.99617588873624], [-34.9245222634283, -7.99619510278633], [-34.9245131085427, -7.99622291279687], [-34.9244988288322, -7.99625794663443], [-34.9244977837275, -7.99625981567947], [-34.9244851876351, -7.99628234844229], [-34.9244766430416, -7.99629370168446], [-34.9244629825583, -7.99631399100476], [-34.9244497108053, -7.99634387693802], [-34.9244326553615, -7.99637378050083], [-34.9244142128519, -7.99640128933792], [-34.9244134567236, -7.99640211917351], [-34.9243995009861, -7.99641746826682], [-34.924385209312, -7.99644976014011], [-34.9243688872308, -7.99648926051816], [-34.9243567880554, -7.99651699926528], [-34.9243567665308, -7.99651705089707], [-34.9243525554949, -7.99652670239237], [-34.9243375834875, -7.99656070972865], [-34.9243338923213, -7.99658026641579], [-34.9243234355512, -7.99662385113969], [-34.9243228325899, -7.996641679337], [-34.924327086089, -7.9966687425005], [-34.9243292673855, -7.99669410031339], [-34.9243376861716, -7.99672902658464], [-34.9243398569318, -7.99673917812575], [-34.9243429595891, -7.99675368380701], [-34.9243442258271, -7.99675738908111], [-34.924360742048, -7.99680570836511], [-34.9243732719815, -7.99683753081974], [-34.9243909563862, -7.99686864307323], [-34.9244048069816, -7.99689701489654], [-34.9244048442461, -7.99689703190009], [-34.9244142517294, -7.99692269867929], [-34.9244120087113, -7.9969576746257], [-34.92439878195, -7.9969971578729], [-34.9243882672924, -7.99702201432345], [-34.9243838154717, -7.99703253845745], [-34.9243785189056, -7.99707644087411], [-34.9243721413429, -7.99710972379329], [-34.9243575298282, -7.99714750029618], [-34.9243315483417, -7.99718053011389], [-34.9243313430629, -7.99718065763906], [-34.92433127815, -7.99718074021117], [-34.9243307913052, -7.99718135995385], [-34.9242934174857, -7.99720468169725], [-34.924292044752, -7.99720553700754], [-34.9242918744999, -7.99720559114049], [-34.9242915765493, -7.99720568383905], [-34.9242796106513, -7.99720943359033], [-34.9242587362167, -7.99721597591008], [-34.9242586682185, -7.99721598074725], [-34.9242221158693, -7.99722126895172], [-34.9242220487991, -7.9972212783048], [-34.9242195572943, -7.99722163888138], [-34.9242194911353, -7.99722164913435], [-34.9242119988217, -7.99722299674108], [-34.9242119326712, -7.99722300880209], [-34.9241745435927, -7.99722973293531], [-34.924174476531, -7.99722974409646], [-34.9241542666961, -7.99723257123674], [-34.9241541995963, -7.99723257426157], [-34.9241462155648, -7.99723214858053], [-34.9241461475283, -7.99723214528128], [-34.9241246847187, -7.99723100128943], [-34.9241246167034, -7.99723100251036], [-34.9241044020649, -7.99723280536846], [-34.9240742129788, -7.99724837383677], [-34.9240416529658, -7.99727183767396], [-34.9240075351332, -7.99729633668552], [-34.9239902416625, -7.99730875679491], [-34.9239658346115, -7.99732051210838], [-34.923952154293, -7.99732710316909], [-34.9239240194997, -7.99734094614915], [-34.9239029340629, -7.99735761854808], [-34.9238956384231, -7.99736338790529], [-34.9238952381379, -7.99736370619177], [-34.9238599602246, -7.99739437901479], [-34.9238297204587, -7.99742138951602], [-34.9238294802163, -7.99742160399383], [-34.9238055650386, -7.99744677600287], [-34.923777765515, -7.99747603438544], [-34.9237774640804, -7.99747635130733], [-34.923725772381, -7.99752698543143], [-34.9236600049701, -7.99758248297681], [-34.9236281069484, -7.99761116466821], [-34.9236278134302, -7.99761142911751], [-34.9236110560039, -7.99762928013352], [-34.9235930137687, -7.99765532884154], [-34.9235926341855, -7.99765561358113], [-34.9235925612159, -7.99765571879222], [-34.9235922567297, -7.99765615868074], [-34.9235545596308, -7.9976844442799], [-34.9235377404605, -7.99769376846689], [-34.9235202609312, -7.99770345825822], [-34.92350512423, -7.99770835012684], [-34.9234804282518, -7.99771632778562], [-34.9234526483881, -7.99773256937528], [-34.9234160154976, -7.99776770732131], [-34.9233735910606, -7.99780734463638], [-34.9233734095605, -7.99780751454139], [-34.9233466511843, -7.99784742062452], [-34.9233217312791, -7.99788695923158], [-34.923285813122, -7.99792791962058], [-34.923285733575, -7.9979279760429], [-34.9232856208106, -7.99792810494497], [-34.9232850560819, -7.99792874945943], [-34.9232425546012, -7.99795911506262], [-34.9232196008408, -7.99797773354715], [-34.9232004701363, -7.99799428110016], [-34.9232001846994, -7.99799452833452], [-34.9231820198693, -7.99801513424514], [-34.9231618636187, -7.99804333812974], [-34.9231485369008, -7.99806191177689], [-34.9231479168194, -7.9980625502206], [-34.9231477798602, -7.99806274161563], [-34.9231334042769, -7.99807754659073], [-34.9231290278315, -7.99808229521903], [-34.9231282662393, -7.99808312146267], [-34.9231050359105, -7.99810833275081], [-34.9231042752251, -7.99810915899022], [-34.9231037130598, -7.99810977004232], [-34.923102954201, -7.99811059898539], [-34.9230825578833, -7.99813112307179], [-34.9230817328228, -7.99813195322722], [-34.923069125528, -7.99814496173061], [-34.9230657683502, -7.99815896863573], [-34.9230621533165, -7.99818123625641], [-34.9230608164675, -7.99818684676535], [-34.9230436560596, -7.99822844665469], [-34.9230276249602, -7.99826427517438], [-34.9230269566623, -7.99826526913912], [-34.9230059205947, -7.99830391090358], [-34.9230058270579, -7.99830407859076], [-34.922982048783, -7.99834687192344], [-34.9229725026805, -7.99836012654019], [-34.9229555433134, -7.99838366774852], [-34.9229396823951, -7.99840568953656], [-34.9229392506494, -7.99840606854119], [-34.9229391344054, -7.99840622910162], [-34.9229389253535, -7.99840651937514], [-34.9229366482834, -7.99840851439636], [-34.9229364784754, -7.99840866345341], [-34.9229299955135, -7.99841812753599], [-34.9229185249191, -7.99843894184457], [-34.9229093931154, -7.99846551227655], [-34.9228975021812, -7.99850829816617], [-34.9228943345782, -7.9985625629976], [-34.9228811044369, -7.99860136187982], [-34.9228677914537, -7.99862267838643], [-34.9228670803219, -7.99862343478214], [-34.9228670344117, -7.99862350822503], [-34.92284378094, -7.99864824136739], [-34.9228430806362, -7.99864898595983], [-34.9228415591149, -7.99865002638872], [-34.9227997634959, -7.99867853354687], [-34.9227899462986, -7.99868522864263], [-34.9227710509084, -7.99869781077671], [-34.9227476366799, -7.9987134018794], [-34.9227474377992, -7.99871354022299], [-34.9227338493283, -7.99872871400101], [-34.922733100482, -7.99872955103377], [-34.9227201354666, -7.99874403210859], [-34.922719384798, -7.99874486734171], [-34.9227096176348, -7.99875488553743], [-34.9227088007729, -7.99875572379096], [-34.9226849501509, -7.99878018668194], [-34.922684868883, -7.99878026300161], [-34.9226841296442, -7.99878102133614], [-34.9226486573992, -7.99881071952435], [-34.9226433643398, -7.99881515057223], [-34.9225753999807, -7.99884220559265], [-34.9225556083525, -7.99885320616711], [-34.9225088552901, -7.99887919597154], [-34.9224963262226, -7.99888587475921], [-34.9224388439759, -7.998916521617], [-34.9224256114968, -7.9989267665894], [-34.9224110027211, -7.9989380766269], [-34.9223741232899, -7.99896361000508], [-34.9223739976289, -7.99896369647609], [-34.9223507240164, -7.99899865916599], [-34.9223500597384, -7.99899935025052], [-34.9223499669726, -7.998999489004], [-34.92231603093, -7.99903477345774], [-34.922315423509, -7.99903540460936], [-34.9222658827067, -7.99908061509235], [-34.9222260902337, -7.99911836687279], [-34.9222255665429, -7.99911886654546], [-34.9222032984567, -7.99914351371351], [-34.9222032244525, -7.99914359180746], [-34.9222025432346, -7.99914434535101], [-34.9221586832442, -7.99916761579936], [-34.9221125006818, -7.99918859260018], [-34.9221124326704, -7.9991885947249], [-34.9220743305462, -7.99919107474852], [-34.9220742634671, -7.99919108229328], [-34.9220130632799, -7.9992028948956], [-34.9220129952557, -7.99920289430821], [-34.9219598336656, -7.99920199090367], [-34.9219597665737, -7.99920199573631], [-34.921888152054, -7.99921385227897], [-34.9218880858988, -7.99921386343568], [-34.9218361517433, -7.99922793914713], [-34.9217899511207, -7.99924545434369], [-34.9217461244153, -7.99927564610811], [-34.9217314180049, -7.99928664377722], [-34.9217064174625, -7.99930533863694], [-34.9216885710461, -7.99933934847749], [-34.9216702478282, -7.99937980289095], [-34.9216553855307, -7.99941793221884], [-34.9216540723787, -7.99942086116685], [-34.9216412514593, -7.99944946663308], [-34.9216171158832, -7.99948417836783], [-34.9216165876565, -7.99948467806104], [-34.9216164579305, -7.99948486490186], [-34.9216163588369, -7.99948500820501], [-34.9215771898795, -7.99952210159736], [-34.9215771543652, -7.99952207102449], [-34.9215771218595, -7.99952210191392], [-34.9215659036779, -7.99951240289996], [-34.9215658672481, -7.99951237052325], [-34.9215398850821, -7.99953642742475], [-34.9215389033644, -7.99954312025325], [-34.9215388007562, -7.99957504320204], [-34.9215385906116, -7.99961402015224], [-34.9215465081619, -7.99965542465485], [-34.9215761051133, -7.99972229968177], [-34.9216099812528, -7.99979598769619], [-34.9216486894724, -7.99987989805683], [-34.9216641085359, -7.99994280965218], [-34.9216542317325, -7.99998674246492], [-34.921595207461, -8.00001448986871], [-34.9215556095858, -8.00002740519344], [-34.9215008517094, -8.00007666570587], [-34.9214754614913, -8.00010008610848], [-34.9214184776462, -8.00016942356208], [-34.9213529855671, -8.00025113745719], [-34.9212854607601, -8.00032951306153], [-34.9212130947732, -8.00043077495198], [-34.9211489845196, -8.00051029547291], [-34.9211115812565, -8.00052840705685], [-34.9210292192662, -8.00055270732923], [-34.9208675906583, -8.00062221888184], [-34.920716333791, -8.0006647780987], [-34.9205726305069, -8.00071925927044], [-34.9204736657939, -8.0007879421401], [-34.9204617895442, -8.00079266416791], [-34.9203957780885, -8.0008227854756], [-34.920317420348, -8.00088412276638], [-34.9202403932074, -8.0009427733088], [-34.9201845029795, -8.00098327859847], [-34.920172082623, -8.00099227937286], [-34.9200873175973, -8.0010537097237], [-34.9200497206484, -8.00106360057708], [-34.9199672117983, -8.0010709103817], [-34.9198884432762, -8.00108210471441], [-34.9197940761725, -8.00110496439162], [-34.9197387132089, -8.00113063420484], [-34.9196834332694, -8.00117423844924], [-34.9196058413492, -8.00125681397306], [-34.9195282214101, -8.00133340923511], [-34.9194774118542, -8.00137101409812], [-34.9194280473104, -8.00139665418036], [-34.9193651157601, -8.00140741135388], [-34.9192721148098, -8.00140186611577], [-34.9191971391146, -8.00140221472152], [-34.9191417191864, -8.00141592396578], [-34.919110360453, -8.00144447184876], [-34.9190520802474, -8.00148809179051], [-34.9190490462006, -8.00149501204424], [-34.9190388590723, -8.00151823600078], [-34.9190255402581, -8.00154476440735], [-34.9189957310471, -8.00156701279331], [-34.9189716042174, -8.00158253835499], [-34.9189390309387, -8.00158838449032], [-34.9188762879269, -8.00161056809731], [-34.9188464650968, -8.00164658001644], [-34.91876265153, -8.00168135030881], [-34.9186160041778, -8.00174779997488], [-34.9184903217581, -8.00180817809553], [-34.9183617239374, -8.00188650547638], [-34.9182525736148, -8.00195427880027], [-34.9181269408871, -8.0020251166359], [-34.9179952737486, -8.00208850948435], [-34.9179159444316, -8.00212026906044], [-34.9178772224945, -8.00217725139309], [-34.9178414718351, -8.00222823952801], [-34.917769855933, -8.00230630019111], [-34.9176817804255, -8.00239191484761], [-34.9176535675341, -8.00245183627761], [-34.9176221921705, -8.00247589909887], [-34.9175547181647, -8.00247770792024], [-34.917502214289, -8.00247346678899], [-34.9174345986865, -8.00244538062132], [-34.9173853850742, -8.00240792691367], [-34.9173623652026, -8.00239040729621], [-34.9172887687169, -8.00236533953164], [-34.9172138407682, -8.00237615124759], [-34.9171618105519, -8.00239446158639], [-34.9171449723987, -8.00240038729579], [-34.9170731485036, -8.00243360629501], [-34.9170223026899, -8.00246373629304], [-34.916953464065, -8.0024939543779], [-34.916895108389, -8.00252113130853], [-34.916865141942, -8.00252724907284], [-34.9168218192915, -8.00256183008386], [-34.9167635316498, -8.00260395540732], [-34.9166945466887, -8.00265158101631], [-34.9166402979421, -8.00268870797772], [-34.9166106970515, -8.00269678133154], [-34.9166035031208, -8.00269874220762], [-34.916599499153, -8.00270190514189], [-34.9165640932179, -8.00272986325218], [-34.916499828864, -8.00277650047039], [-34.9165019218128, -8.00277856648604], [-34.9164625387157, -8.00283386301963], [-34.9164453070126, -8.00285805356495], [-34.9164381681421, -8.00287063243457], [-34.9163711403449, -8.00298871180036], [-34.9163654471511, -8.00299954001387], [-34.9163327587425, -8.00306172065518], [-34.9163055446822, -8.00309943174701], [-34.9162533508546, -8.00315729021323], [-34.9162100335071, -8.0032134105288], [-34.9161355192442, -8.0033124099815], [-34.9161052769042, -8.00338372117379], [-34.9160838494818, -8.00342187279407], [-34.9160776593603, -8.00346746464511], [-34.916076060679, -8.00350576377623], [-34.9160835206081, -8.00354189538819], [-34.91609333956, -8.00357104117845], [-34.9160949170701, -8.00357886848816], [-34.9161012699713, -8.00361042162545], [-34.9160815258332, -8.00366331617008], [-34.9160522375328, -8.00378216414164], [-34.9160403810658, -8.0038121148427], [-34.9160060672677, -8.00384964282512], [-34.9159476815751, -8.00387084123091], [-34.915871211274, -8.00387269160114], [-34.9157676777013, -8.00385971977465], [-34.9156723103924, -8.00382674190394], [-34.9156610349283, -8.00382284438355], [-34.9156607806248, -8.00382140990725], [-34.9156589455997, -8.00382077744312], [-34.9156346331227, -8.00380672268877], [-34.9155717338843, -8.00377035931657], [-34.9155071619944, -8.0037512279639], [-34.9154860887246, -8.00372328617198], [-34.9154661703067, -8.00371210130797], [-34.9154357141936, -8.00371166588235], [-34.9154034083453, -8.00371832149452], [-34.915373752282, -8.00373363570412], [-34.9153542632785, -8.00376389575546], [-34.915351026731, -8.00377039112439], [-34.9153402361339, -8.00379204477469], [-34.9153143201601, -8.00380090286253], [-34.9153029812437, -8.00380652634717], [-34.9152635370548, -8.00382608175321], [-34.9152298066392, -8.0038382361688], [-34.9152012171498, -8.00385296772081], [-34.9151818524581, -8.00389062245329], [-34.9151481693435, -8.00394572069718], [-34.915138258765, -8.00395248209763], [-34.9151018304354, -8.0039773276532], [-34.9150780466195, -8.0040222815313], [-34.915091808196, -8.00407901924609], [-34.9151116400359, -8.00411671356015], [-34.9151192178946, -8.00413111542502], [-34.915114681032, -8.00417708745888], [-34.9150838163668, -8.00422336701762], [-34.9150542148561, -8.00425270122243], [-34.9150107082536, -8.00427341007369], [-34.9149731378071, -8.00427180161621], [-34.9149512696853, -8.00428126380601], [-34.9149194139402, -8.00430682133166], [-34.914867646926, -8.00434176144398], [-34.9148614745182, -8.00434592709585], [-34.9148162687102, -8.00435741601032], [-34.9147686262118, -8.0043604315639], [-34.9147398122261, -8.00436225587639], [-34.9146751645611, -8.00439197870418], [-34.914598844226, -8.00443995996994], [-34.9145361616258, -8.00448496052479], [-34.9144554582206, -8.00451534004227], [-34.914447491338, -8.00451804219499], [-34.9143998792965, -8.00453419094574], [-34.9142484462454, -8.0045941514686], [-34.9141412040545, -8.00462512597803], [-34.9140529517089, -8.0046820829473], [-34.9140097865461, -8.00473088129564], [-34.9139948965721, -8.00476481942309], [-34.9139942783943, -8.00476587100827], [-34.9140246087305, -8.0048298720448], [-34.9140549346905, -8.00490148081923], [-34.9140781125874, -8.00496973249894], [-34.9140805320652, -8.00497685255361], [-34.9140929459459, -8.00501341509334], [-34.914095385962, -8.00501852350392], [-34.9141120705432, -8.00505348501703], [-34.9141236311457, -8.00510076832057], [-34.9141148013049, -8.00513407261323], [-34.9141045689388, -8.00515448147576], [-34.9141026216666, -8.00515836443576], [-34.9140789423804, -8.00522574047455], [-34.9140446980707, -8.00527821678241], [-34.9140311291197, -8.00528875334505], [-34.9139862716045, -8.00532358720331], [-34.9139314911046, -8.00531669287371], [-34.9138753876663, -8.00530889789419], [-34.9138363978875, -8.00530907875791], [-34.9137545545845, -8.00532050338219], [-34.9136615979923, -8.00532392339706], [-34.9135686605192, -8.0053318292833], [-34.9135057140634, -8.00533959515066], [-34.9135025297372, -8.00533785602915], [-34.9134405181057, -8.00533954312453], [-34.913312618236, -8.00536288802759], [-34.9132697368363, -8.00538137978165], [-34.9132649483511, -8.00541040265496], [-34.9132838790732, -8.00543886892362], [-34.9133051464536, -8.00546429030512], [-34.9133070708959, -8.00546659036804], [-34.9132736752848, -8.0055540238849], [-34.9132426909848, -8.00558756200669], [-34.9132363939564, -8.00559437804106], [-34.913154232487, -8.00566202526786], [-34.9131414077883, -8.00567462867194], [-34.9130611082911, -8.00575354639626], [-34.913007157635, -8.00579796748627], [-34.9129504060455, -8.00581785884341], [-34.9128882520006, -8.00583064034388], [-34.9128543887063, -8.00582428897514], [-34.9128503918166, -8.00582353995392], [-34.9128371810992, -8.00582106168121], [-34.912774301419, -8.00586998481706], [-34.9127065885642, -8.00593855946737], [-34.9126030692239, -8.00600730192382], [-34.9124545833121, -8.00612566463315], [-34.9124128191611, -8.00614784787784], [-34.9123528084017, -8.00617972232605], [-34.9122831814778, -8.0062256959788], [-34.9122372867987, -8.00627312003716], [-34.91219080884, -8.00628805821943], [-34.9121263696174, -8.00629103385153], [-34.912083983865, -8.00627893679838], [-34.9120788784092, -8.00627716407945], [-34.9120479276935, -8.00626641170943], [-34.9119986916596, -8.0062661923971], [-34.9119370274196, -8.0062883430734], [-34.9118888081517, -8.00631399707454], [-34.9118573163465, -8.0063264645645], [-34.9118516239208, -8.00632582464782], [-34.9118338524243, -8.00633276707586], [-34.9117734257018, -8.00635637116237], [-34.9117145621005, -8.0063750082811], [-34.9116617567239, -8.0063760684553], [-34.9116199092396, -8.00635667574243], [-34.9115739297074, -8.00632914024535], [-34.9115320679133, -8.00630648299809], [-34.9114841231323, -8.00629609501291], [-34.9114259091343, -8.00627840995391], [-34.9113637000929, -8.00628196187448], [-34.9112874702836, -8.00626395162668], [-34.9112187001935, -8.00626127867486], [-34.911210524161, -8.00626096035053], [-34.9111437654206, -8.00626094326086], [-34.9110918693563, -8.00628118076273], [-34.9110227488011, -8.00632784169709], [-34.9109312083052, -8.00636798689042], [-34.9108113682119, -8.00639544617388], [-34.9107321981932, -8.00640608400135], [-34.9106794073091, -8.00639605739227], [-34.910613412477, -8.00639337600994], [-34.9105257855476, -8.0063874153934], [-34.9104814079452, -8.00638501900661], [-34.9104539935721, -8.00638614677019], [-34.9105261122239, -8.00650420055137], [-34.9106620699646, -8.00679382656477], [-34.9107570134663, -8.00702038842458], [-34.9108249117321, -8.00723288707472], [-34.9108482407907, -8.00733750899268], [-34.9108687358471, -8.00764293670732], [-34.9108711483463, -8.00767891016216], [-34.9110916538756, -8.0076171758351], [-34.9112177613546, -8.0075961089487], [-34.9112621075942, -8.00759817267291], [-34.9114130133322, -8.00753815928983], [-34.9115205719483, -8.00749526185981], [-34.9118518764976, -8.0073933802522], [-34.912071323503, -8.00732452360972], [-34.9122355147359, -8.0072644031863], [-34.9123109671889, -8.00723725772817], [-34.9123518400795, -8.00718615295746], [-34.9124339521416, -8.00711229869525], [-34.9125334590916, -8.0070184381242], [-34.9126316357687, -8.00690715057462], [-34.912737134927, -8.0067584684744], [-34.9128413824236, -8.00660979307196], [-34.9129507849871, -8.00649471692195], [-34.9130540924252, -8.00641204819114], [-34.9131736231712, -8.00632556588782], [-34.91330071868, -8.00625399451441], [-34.9134017017111, -8.00620869527061], [-34.9134020042449, -8.00620861069322], [-34.9135626563806, -8.00616436273223], [-34.9137349591335, -8.00614239293165], [-34.91389475878, -8.00611799126894], [-34.9140606980788, -8.00607114382322], [-34.9140620076388, -8.00607053835105], [-34.9141965797325, -8.00600824756902], [-34.9144482946322, -8.00587009628088], [-34.9146626312027, -8.00575328706603], [-34.9148707331012, -8.00563899740775], [-34.9150674732454, -8.00549985428819], [-34.9154920827829, -8.00519900882597], [-34.9159577714712, -8.00486683990149], [-34.9163686608105, -8.00457103803657], [-34.9167296466364, -8.0042904110049], [-34.9174503996992, -8.00373539009278], [-34.9177915006663, -8.00347727114602], [-34.9179271127548, -8.00335709097481], [-34.9180278739337, -8.0032644713438], [-34.9181149853511, -8.00319183801687], [-34.9182158261798, -8.00311665106894], [-34.9183490859328, -8.00302761321469], [-34.9185658474289, -8.00289584980901], [-34.9187676295744, -8.00276664485298], [-34.9189844198924, -8.00264110563806], [-34.9191278136211, -8.00255690243258], [-34.9191282211042, -8.00255695749385], [-34.9191464461493, -8.00255940593555], [-34.9193229320913, -8.00263081363548], [-34.9197096973853, -8.00278716995383], [-34.9204944778143, -8.00310107112381], [-34.9208564156166, -8.0032486936258], [-34.9212642665004, -8.00341504212009], [-34.9212880032209, -8.003425241546], [-34.9214420261079, -8.00349142419619], [-34.9214882542346, -8.00349245384479], [-34.9215369069345, -8.00347728314164], [-34.9215743786525, -8.00347586286], [-34.9216124529091, -8.00348341259457], [-34.9216326852157, -8.00350214368541], [-34.9216768309137, -8.00351477580886], [-34.9217529284302, -8.00352131491827], [-34.9217819834349, -8.00352393519505], [-34.9218634840653, -8.00350287701168], [-34.9219933429246, -8.00347194362449], [-34.9221010233999, -8.00343008303187], [-34.9221576053075, -8.00340362517412], [-34.9221947981678, -8.0033717446482], [-34.9222346916557, -8.00332606458484], [-34.9222763864205, -8.00326240517152], [-34.9223398706974, -8.00314337167735], [-34.9223406489031, -8.00314221808472], [-34.9223920641673, -8.0030659261247], [-34.9224552420166, -8.00297188686428], [-34.922513011208, -8.00290406529658], [-34.9226092269748, -8.00277678524134], [-34.9226325565925, -8.00273807489776], [-34.9226354373004, -8.00273231525647], [-34.9227065478291, -8.00259021884412], [-34.9227681097627, -8.00244655497123], [-34.9227740485341, -8.00243572375773], [-34.9227878981157, -8.00241780309854], [-34.9227994026405, -8.00233612080015], [-34.9228045139206, -8.00224648722344], [-34.9228149067479, -8.00217239880499], [-34.9228357149365, -8.00208706053149], [-34.9227953040774, -8.00205214585493], [-34.9227782620466, -8.00195710069836], [-34.9227809192394, -8.00193365230872], [-34.9227808425685, -8.00191517091699], [-34.9228909999413, -8.00188579644901], [-34.9233349757664, -8.00177871741158], [-34.9234627357071, -8.00177032633624], [-34.9234928458648, -8.00176512598495], [-34.9236269196645, -8.00174795773288], [-34.9237066326811, -8.00173860979682], [-34.9237065250043, -8.00171565345245], [-34.9236795832282, -8.00157378251667], [-34.9236318177194, -8.00141546337906], [-34.9236155690341, -8.00138304801555], [-34.9235759736319, -8.0013040565874], [-34.9234229197141, -8.00110762729171], [-34.9232411454711, -8.00098026465236], [-34.9230418251777, -8.00088458424059], [-34.9231409917093, -8.00061223365249], [-34.9231413776347, -8.00061117319762], [-34.9231850252919, -8.00051455432517], [-34.9232739815634, -8.00031423907465], [-34.9232784978086, -8.0003066130627], [-34.9233206358404, -8.00023544153433], [-34.9233894618038, -8.0001661906566], [-34.9235634726192, -8.00001533633549], [-34.9237825917909, -7.99984888102713], [-34.9241212838413, -8.00011199661547], [-34.9242836107296, -8.00022152923284], [-34.9244361351066, -8.00030491227399], [-34.924547032432, -8.00035954215782], [-34.9245482395602, -8.0003595365303], [-34.9245871388364, -8.00035935518491], [-34.9246299069817, -8.00033709669654], [-34.9247498592836, -8.00025795642742], [-34.9248146142659, -8.00020526776809], [-34.9249317356566, -8.00011235553301], [-34.9250887359987, -7.99997100304861], [-34.9252786776231, -7.99977573510245], [-34.9254066480035, -7.99963727711999], [-34.9256308971156, -7.99938532357181], [-34.9257835618846, -7.9992040126771], [-34.9258716845352, -7.9991208854893], [-34.9260175308427, -7.99896028494207], [-34.9262396313712, -7.99873224190669], [-34.9266940439326, -7.99822072614899], [-34.9269126880445, -7.9979536318852], [-34.9273855336227, -7.99733381010587], [-34.9276343627711, -7.99701556771899], [-34.9278478537254, -7.99672770209963], [-34.9278569994533, -7.9967153696166], [-34.9280150058416, -7.99649405496587], [-34.9280603664311, -7.99643456310059], [-34.9281251851356, -7.99639565805654], [-34.9282204801832, -7.99636764206612], [-34.9283696210114, -7.99632007298516], [-34.9285449556433, -7.99625445856993], [-34.9287437087431, -7.99616943668039], [-34.928869261517, -7.99610543330622], [-34.9288922007134, -7.99609055836842], [-34.9289699127817, -7.99604016931442], [-34.9290359986458, -7.99597644361881], [-34.9291199374674, -7.99588644303063], [-34.9292203515908, -7.99577017036335], [-34.9292959021905, -7.99566090726794], [-34.9293728950349, -7.99556404474125], [-34.9295022652545, -7.99542971652775], [-34.9295766548282, -7.99536733068932], [-34.9297337433779, -7.99524528026253], [-34.9298048194681, -7.99517085696122], [-34.9298098463722, -7.99516559355056], [-34.9298201128134, -7.99515592549599], [-34.9294876036408, -7.99486556161662], [-34.9293732169974, -7.9947619572725], [-34.9293267062073, -7.99471983287234], [-34.9291323692316, -7.99454381689245], [-34.9290730852219, -7.99449012227645], [-34.9289041718035, -7.99435040836832], [-34.9285906904868, -7.99409111664991], [-34.9285842133057, -7.99408999330578], [-34.9278326617299, -7.99348533151426], [-34.9280207675129, -7.99321359285563], [-34.9281735702415, -7.99299565226942], [-34.9284154400863, -7.9926367372843], [-34.9285536683993, -7.99243529324145], [-34.9286791983079, -7.9922594635079], [-34.9287737955573, -7.99212576628827], [-34.9289050251633, -7.99199372156257], [-34.9290928495217, -7.99182490218291], [-34.9292898737095, -7.99166517170919], [-34.929444906688, -7.99153301395102], [-34.9295067914922, -7.9914524074811], [-34.9295667738736, -7.99135720390617], [-34.9296158118913, -7.9912711779071], [-34.9296320634197, -7.99122181723278], [-34.9296644580768, -7.99110118560843], [-34.9296821948361, -7.99097879803137], [-34.9297033296281, -7.99079980680412], [-34.929747917316, -7.99054586262411], [-34.9297871301009, -7.99031749949276], [-34.9298322598955, -7.99017855455876], [-34.9299336993504, -7.98994259972036], [-34.9300026250014, -7.98980171838939], [-34.9301208809441, -7.98963687697734], [-34.9302193528573, -7.9895487948586], [-34.9303415881297, -7.98945147618634], [-34.9304566337008, -7.98938339669259], [-34.930494896928, -7.98935484230404], [-34.9302134869235, -7.98895261242747], [-34.93020656595, -7.9889427199809], [-34.9301450240801, -7.98885919380244], [-34.9300570753204, -7.98874343280558], [-34.9300027159965, -7.98868975131344], [-34.9299441948977, -7.98863608833498], [-34.9298773112582, -7.98857416511706], [-34.9298104054379, -7.98850809506666], [-34.929786471334, -7.98849121860783], [-34.9297519437547, -7.98846687705298], [-34.9296892609442, -7.98841323525653], [-34.9296223941429, -7.98835546062954], [-34.9296144490925, -7.98834649418345], [-34.9295638137762, -7.98828935166305], [-34.9295491209987, -7.98827338764505], [-34.929548331173, -7.98827418238334], [-34.9295482911376, -7.98827415454434], [-34.9295252140345, -7.98825822965571], [-34.9295251721768, -7.9882582000171], [-34.9295251460167, -7.98825822997315]]]}}, {"type": "Feature", "properties": {"name": null, "description": null}, "geometry": {"type": "Polygon", "coordinates": [[[-34.9298201128134, -7.99515592549599], [-34.9298098463722, -7.99516559355056], [-34.9298048194681, -7.99517085696122], [-34.9297337433779, -7.99524528026253], [-34.9295766548282, -7.99536733068932], [-34.9295022652545, -7.99542971652775], [-34.9293728950349, -7.99556404474125], [-34.9292959021905, -7.99566090726794], [-34.9292203515908, -7.99577017036335], [-34.9291199374674, -7.99588644303063], [-34.9290359986458, -7.99597644361881], [-34.9289699127817, -7.99604016931442], [-34.9288922007134, -7.99609055836842], [-34.928869261517, -7.99610543330622], [-34.9287437087431, -7.99616943668039], [-34.9285449556433, -7.99625445856993], [-34.9283696210114, -7.99632007298516], [-34.9282204801832, -7.99636764206612], [-34.9281251851356, -7.99639565805654], [-34.9280603664311, -7.99643456310059], [-34.9280150058416, -7.99649405496587], [-34.9278569994533, -7.9967153696166], [-34.9278478537254, -7.99672770209963], [-34.9276343627711, -7.99701556771899], [-34.9273855336227, -7.99733381010587], [-34.9269126880445, -7.9979536318852], [-34.9266940439326, -7.99822072614899], [-34.9262396313712, -7.99873224190669], [-34.9260175308427, -7.99896028494207], [-34.9258716845352, -7.9991208854893], [-34.9257835618846, -7.9992040126771], [-34.9256308971156, -7.99938532357181], [-34.9254066480035, -7.99963727711999], [-34.9252786776231, -7.99977573510245], [-34.9250887359987, -7.99997100304861], [-34.9249317356566, -8.00011235553301], [-34.9248146142659, -8.00020526776809], [-34.9247498592836, -8.00025795642742], [-34.9246299069817, -8.00033709669654], [-34.9245871388364, -8.00035935518491], [-34.9245482395602, -8.0003595365303], [-34.924547032432, -8.00035954215782], [-34.9244361351066, -8.00030491227399], [-34.9242836107296, -8.00022152923284], [-34.9241212838413, -8.00011199661547], [-34.9237825917909, -7.99984888102713], [-34.9235634726192, -8.00001533633549], [-34.9233894618038, -8.0001661906566], [-34.9233206358404, -8.00023544153433], [-34.9232784978086, -8.0003066130627], [-34.9232739815634, -8.00031423907465], [-34.9231850252919, -8.00051455432517], [-34.9231413776347, -8.00061117319762], [-34.9231409917093, -8.00061223365249], [-34.9230418251777, -8.00088458424059], [-34.9232411454711, -8.00098026465236], [-34.9234229197141, -8.00110762729171], [-34.9235759736319, -8.0013040565874], [-34.9236155690341, -8.00138304801555], [-34.9236318177194, -8.00141546337906], [-34.9236795832282, -8.00157378251667], [-34.9237065250043, -8.00171565345245], [-34.9237066326811, -8.00173860979682], [-34.9236269196645, -8.00174795773288], [-34.9234928458648, -8.00176512598495], [-34.9234627357071, -8.00177032633624], [-34.9233349757664, -8.00177871741158], [-34.9228909999413, -8.00188579644901], [-34.9227808425685, -8.00191517091699], [-34.9227809192394, -8.00193365230872], [-34.9227782620466, -8.00195710069836], [-34.9227953040774, -8.00205214585493], [-34.9228357149365, -8.00208706053149], [-34.9228149067479, -8.00217239880499], [-34.9228045139206, -8.00224648722344], [-34.9227994026405, -8.00233612080015], [-34.9227878981157, -8.00241780309854], [-34.9227740485341, -8.00243572375773], [-34.9227681097627, -8.00244655497123], [-34.9227065478291, -8.00259021884412], [-34.9226354373004, -8.00273231525647], [-34.9226325565925, -8.00273807489776], [-34.9226092269748, -8.00277678524134], [-34.922513011208, -8.00290406529658], [-34.9224552420166, -8.00297188686428], [-34.9223920641673, -8.0030659261247], [-34.9223406489031, -8.00314221808472], [-34.9223398706974, -8.00314337167735], [-34.9222763864205, -8.00326240517152], [-34.9222346916557, -8.00332606458484], [-34.9221947981678, -8.0033717446482], [-34.9221576053075, -8.00340362517412], [-34.9221010233999, -8.00343008303187], [-34.9219933429246, -8.00347194362449], [-34.9218634840653, -8.00350287701168], [-34.9217819834349, -8.00352393519505], [-34.9217529284302, -8.00352131491827], [-34.9216768309137, -8.00351477580886], [-34.9216326852157, -8.00350214368541], [-34.9216383885313, -8.00351498917615], [-34.9216915818691, -8.00363478566364], [-34.9217364928435, -8.00372535709441], [-34.9217870305969, -8.00385229897886], [-34.9217997903054, -8.00388821673735], [-34.9218210154175, -8.0039395744337], [-34.9218443069203, -8.00398422882218], [-34.9218722195992, -8.00402969884737], [-34.9219310590413, -8.00413693956644], [-34.9219683063964, -8.00420411966081], [-34.9219871595005, -8.0042318001347], [-34.9220067616153, -8.0042604173435], [-34.9220324991836, -8.0042895818598], [-34.9220527893318, -8.00432044426413], [-34.9221125961698, -8.00446937851316], [-34.9221181839101, -8.00448329403468], [-34.9221233158895, -8.00449478879112], [-34.9221304845406, -8.00451084771298], [-34.9221724446111, -8.0045089788255], [-34.9222447927209, -8.00450290279825], [-34.9222987460794, -8.00451681177817], [-34.9223100158662, -8.00453941327527], [-34.9223050757232, -8.00455993590998], [-34.9223019279054, -8.00456211761318], [-34.9223002672118, -8.00456326898921], [-34.9222791220491, -8.00457792471616], [-34.9221873882067, -8.00466750892383], [-34.9220960355616, -8.00477205539008], [-34.9220109386895, -8.00488289572014], [-34.9219720203432, -8.00493811816009], [-34.9219579904204, -8.00495802588395], [-34.9218582678073, -8.00510137843166], [-34.9217892891369, -8.0052048108109], [-34.9216650298331, -8.0054349410989], [-34.9216223673947, -8.00551491884025], [-34.9215713709029, -8.00558891433858], [-34.921491040541, -8.00568713069495], [-34.9214122105307, -8.00578308170707], [-34.9213679991428, -8.00585478724558], [-34.9213165507358, -8.00596415811166], [-34.9213151804802, -8.00596709727377], [-34.9213113220318, -8.00597498601633], [-34.9213061382171, -8.00598610301217], [-34.9213055698058, -8.0059875123815], [-34.9214404773638, -8.00604687135929], [-34.921607442021, -8.00604941610837], [-34.9217253271283, -8.00606068489583], [-34.9217861841122, -8.00607624420033], [-34.9218582244096, -8.00609885371343], [-34.9218573780769, -8.00610153368198], [-34.9218575479261, -8.0061015862304], [-34.9218691391165, -8.0061304405425], [-34.9220391246986, -8.00611979432098], [-34.9220623668577, -8.00611674602202], [-34.9220684530033, -8.0061265014321], [-34.9221234612765, -8.00626397636762], [-34.9221845310457, -8.00640593883512], [-34.9222325283487, -8.00649753630007], [-34.9222833735762, -8.00659609984583], [-34.9223200566386, -8.00664614957686], [-34.9223290933778, -8.00665730337536], [-34.9224106965408, -8.00675564490446], [-34.922427072023, -8.00680885674244], [-34.9223602407993, -8.00687317762858], [-34.9223630292386, -8.00687655396394], [-34.9223755658134, -8.00689173351299], [-34.922498188599, -8.00711770380124], [-34.9225258711887, -8.00722444851438], [-34.9225270291494, -8.00731024315786], [-34.9225138021431, -8.00738782544519], [-34.9224713259836, -8.00750769144972], [-34.922468759619, -8.00751318202944], [-34.9224163466011, -8.00762529861854], [-34.9223965717181, -8.00766759784421], [-34.9223098065133, -8.00784261195309], [-34.9222200740549, -8.0080289298213], [-34.9221729802104, -8.00813000199906], [-34.9221717613744, -8.00813370439115], [-34.9221461801229, -8.0082114111639], [-34.9221381178366, -8.00826337989889], [-34.9221308534076, -8.00832437740454], [-34.9221283239548, -8.0084290045987], [-34.9221378433461, -8.00852680240077], [-34.9221512301777, -8.00864414970521], [-34.9221866856849, -8.00879827356894], [-34.9222873024992, -8.00904997834203], [-34.9223824814808, -8.00917066547044], [-34.9224833355786, -8.00926276948944], [-34.922596227969, -8.00934578486149], [-34.9227333311107, -8.0094392241518], [-34.9229240884953, -8.00954219785202], [-34.92302555608, -8.00960419265643], [-34.9231346083911, -8.00969046409033], [-34.9231715945227, -8.00971899917852], [-34.9232043229093, -8.00975247040888], [-34.9232159497344, -8.0098371665637], [-34.923214215165, -8.00992943055757], [-34.9232008111056, -8.01037132621977], [-34.9232310721146, -8.01078645143917], [-34.9232190554689, -8.01089519471637], [-34.9231960104009, -8.01105734807499], [-34.9231820680114, -8.01116295148929], [-34.9231747225238, -8.01130690155909], [-34.9232010101073, -8.01155894168014], [-34.9231887246959, -8.01167573055631], [-34.9231482350563, -8.01181552919597], [-34.9231516156468, -8.01185229156722], [-34.9231974647111, -8.01205036194987], [-34.9232383654501, -8.01221967188111], [-34.923236600063, -8.01230553977315], [-34.9232202081676, -8.0125726607437], [-34.9231894159105, -8.01284784352168], [-34.9230437424776, -8.01325357724209], [-34.923015072071, -8.0132995939535], [-34.9230104014803, -8.01332999764834], [-34.923010739371, -8.01340195487884], [-34.923025590292, -8.01348983363564], [-34.9231041664799, -8.01360874532454], [-34.9231163119883, -8.01367810071441], [-34.9231327889985, -8.01377076972744], [-34.9231787651348, -8.01394134603202], [-34.9231959052541, -8.01405025069914], [-34.9232203404565, -8.01430653853511], [-34.9232517887769, -8.01451267154459], [-34.9232827742187, -8.01462237224828], [-34.9233092543721, -8.0146993741707], [-34.9233106391364, -8.01474856855348], [-34.923306555354, -8.01490369657295], [-34.9233325805643, -8.01501397821707], [-34.9233546103695, -8.01509545973031], [-34.9234008924762, -8.01516891207964], [-34.9234264344813, -8.01533907738701], [-34.9234370025263, -8.01536993159679], [-34.9233991899635, -8.01553629269934], [-34.923390991734, -8.01556390665361], [-34.9233887225207, -8.01556758954391], [-34.9233744186293, -8.01559080119144], [-34.9233754771905, -8.01559236841364], [-34.9234023960117, -8.01563221042441], [-34.9234607702279, -8.01571860942324], [-34.9234552395568, -8.01572674738465], [-34.9234408573979, -8.0157518326157], [-34.9234275702818, -8.01577138530257], [-34.9234607145434, -8.01577432428598], [-34.9235415604804, -8.01582620074351], [-34.9236450338853, -8.01591994531119], [-34.9237312797355, -8.01600842184588], [-34.9237941574197, -8.01609639450585], [-34.9238347186507, -8.01621234627247], [-34.9239029943702, -8.01646542773168], [-34.9240137927804, -8.01675115784209], [-34.9240805055253, -8.01692212521426], [-34.9240879705673, -8.01693940764391], [-34.9241894710828, -8.01710305867745], [-34.9242315755954, -8.01716619241216], [-34.9242777866228, -8.01721208007445], [-34.9243061358435, -8.01721311299528], [-34.924334669213, -8.01721415228652], [-34.9243406060535, -8.01722990403784], [-34.9243886319567, -8.01746812309564], [-34.9243503921244, -8.01756531560692], [-34.9243498346576, -8.01756615808362], [-34.9243236110972, -8.01760576634809], [-34.9242621951076, -8.01763702726158], [-34.9242086721497, -8.01773628370805], [-34.9242069405493, -8.01785644332644], [-34.9242140066402, -8.01811238708577], [-34.9242351048074, -8.01823501663334], [-34.9242839757375, -8.01840368683626], [-34.9243263285312, -8.01855777603911], [-34.9243451060826, -8.01868567623381], [-34.9243791132033, -8.01896136806309], [-34.924383507324, -8.01899699375393], [-34.9246773621953, -8.01895543343344], [-34.9247040101028, -8.01895166464474], [-34.924707610713, -8.01896918027113], [-34.9247795452182, -8.01930430220458], [-34.9248472359521, -8.01949266424491], [-34.9249490983114, -8.01957643398039], [-34.9252165860966, -8.01973843264354], [-34.9252507392936, -8.01975911701225], [-34.9252755809094, -8.01980516944825], [-34.925331671871, -8.02026192516434], [-34.9253417197498, -8.02028875319426], [-34.9253589854839, -8.02033485007313], [-34.9256485919028, -8.02025593577493], [-34.9258487110601, -8.02018412620442], [-34.9261172421058, -8.02007705197034], [-34.9262435123419, -8.02001772372005], [-34.9264418517679, -8.01991472041656], [-34.9265378702038, -8.01985447946702], [-34.9265836761129, -8.01983789628802], [-34.9266065424118, -8.01982596150739], [-34.9266066810595, -8.01982612810985], [-34.92714243862, -8.0194276823282], [-34.9278218572122, -8.01876640643195], [-34.927765695134, -8.01870571037465], [-34.927680205323, -8.01872720126593], [-34.927526901969, -8.01880290498294], [-34.9274284652711, -8.0188414436918], [-34.9273095078786, -8.01889250921785], [-34.9271611285348, -8.01889157887747], [-34.9271484777317, -8.01883012404624], [-34.9269989493605, -8.01848384461613], [-34.9269990470028, -8.01848377816296], [-34.9270131071923, -8.01847433909717], [-34.9272190676435, -8.01838839393692], [-34.9272530640982, -8.01839044530553], [-34.9273181807761, -8.01841223314246], [-34.9273359164466, -8.01841288606407], [-34.9274946198993, -8.01834988181057], [-34.9274945569351, -8.01834960817521], [-34.9274784364011, -8.01828015601335], [-34.9274280705261, -8.01809628630252], [-34.9274232175059, -8.01806996200486], [-34.9274113901455, -8.01800578482318], [-34.9274058223497, -8.01792185810385], [-34.927405830717, -8.01792170889488], [-34.9274099183232, -8.01785040377683], [-34.9274183054037, -8.01774873921115], [-34.9274183014822, -8.01774848428477], [-34.9274183012864, -8.01774844269888], [-34.927414250923, -8.01753817018323], [-34.9274142467973, -8.01753787186294], [-34.9273843370992, -8.01744312804061], [-34.9273317941633, -8.01735526692783], [-34.9272378610336, -8.01714108713842], [-34.9271925591139, -8.01701883694846], [-34.927145894926, -8.01686364195286], [-34.927104440997, -8.01672376717722], [-34.9270835841652, -8.01662672171085], [-34.9270673375362, -8.01654546849026], [-34.9270578895466, -8.01646418346935], [-34.9270327035969, -8.01641008209252], [-34.9269780326393, -8.0163515992159], [-34.9269393433411, -8.01631789238171], [-34.9269344548745, -8.01624336376262], [-34.926931793847, -8.01615782503062], [-34.9269317897304, -8.0161575285183], [-34.9269441012398, -8.01588411219466], [-34.9269741726926, -8.01553154465443], [-34.9269744191894, -8.01552957445951], [-34.9269748292901, -8.01552478735331], [-34.9270004047731, -8.01532193777236], [-34.9270017645868, -8.01513410124148], [-34.9270017640982, -8.01513380471214], [-34.9269901985671, -8.01508415720385], [-34.9269579580732, -8.01497586960631], [-34.9269256440758, -8.01485176581864], [-34.9268521193617, -8.01463974955565], [-34.926753643215, -8.01446041053648], [-34.9265246042833, -8.01413900125072], [-34.9264477282362, -8.0140454576846], [-34.926295617651, -8.013828241334], [-34.9262524730811, -8.0137699394341], [-34.9262521937775, -8.01376956374635], [-34.9262501004226, -8.01376492756442], [-34.9261769470369, -8.01363808173047], [-34.9261146513619, -8.01355234880642], [-34.9260875503793, -8.01351505187609], [-34.9260332374627, -8.01340432865717], [-34.9260252307027, -8.01337271672692], [-34.9260013658854, -8.01327853565055], [-34.92599583769, -8.01316414179322], [-34.9259958299467, -8.01316384529762], [-34.9259965783201, -8.01315924103747], [-34.9259965807519, -8.01315917955002], [-34.9259964943138, -8.01315738539405], [-34.9259964856593, -8.01315708799865], [-34.9260171530361, -8.01302980459783], [-34.9260658061291, -8.01273530109249], [-34.9261037356316, -8.0125543172183], [-34.9261527111982, -8.01232839333004], [-34.9261784886937, -8.01222353116623], [-34.926220832864, -8.01218342989482], [-34.926284507907, -8.01215694806165], [-34.9263367538827, -8.01209435631377], [-34.9265308019304, -8.01186027340873], [-34.9267783715812, -8.01156858042501], [-34.926994900948, -8.011326908537], [-34.927024653186, -8.01126941048719], [-34.9270495005558, -8.01123313375973], [-34.9270894379212, -8.01121299538825], [-34.9271831104168, -8.01118138464616], [-34.9272767729765, -8.0111472805356], [-34.9273466660157, -8.01111328571683], [-34.9273927981468, -8.01108065047499], [-34.9274326746541, -8.01102329764761], [-34.9274328169832, -8.01102309085661], [-34.9274218282652, -8.01101619272079], [-34.9273553411876, -8.01097660104988], [-34.9273000602675, -8.01092573488727], [-34.9272610302428, -8.01087229935371], [-34.9272306905342, -8.01080510589284], [-34.9272215625166, -8.01072659299236], [-34.9272199346543, -8.0106458463599], [-34.9272199314454, -8.01064554984329], [-34.9271983258579, -8.01057332785094], [-34.9271668185343, -8.01052359813481], [-34.9271165697923, -8.01047894280371], [-34.9270649950351, -8.01041808477073], [-34.9270134243396, -8.0103584725032], [-34.9269654852844, -8.01027265715591], [-34.9269236941458, -8.01016437068173], [-34.926856550445, -8.00998512546878], [-34.9268299480932, -8.00991417438426], [-34.9268068682135, -8.00979457653985], [-34.9267926985584, -8.00970373679507], [-34.9267926798496, -8.00970361573847], [-34.9267933392272, -8.00969686746502], [-34.9268034190997, -8.00959383345534], [-34.9268040784475, -8.00958707885368], [-34.9268330328799, -8.0094467292654], [-34.9268408106488, -8.00930083548454], [-34.9268408223768, -8.00930062930403], [-34.9268226709091, -8.00916479952861], [-34.9267983923071, -8.00905643027274], [-34.9267425019812, -8.0088758857009], [-34.9266915332865, -8.00867786071342], [-34.9266257580159, -8.00852354838375], [-34.9265261836347, -8.00836440621485], [-34.9264468259224, -8.00824756457798], [-34.9263649943852, -8.00813696886956], [-34.9263347957929, -8.00809970170571], [-34.9262919818473, -8.00808609847587], [-34.9261261663267, -8.00809811668265], [-34.9260242546559, -8.00810331813168], [-34.9257892934179, -8.0081153101336], [-34.9257892093086, -8.00810899204623], [-34.9257892033803, -8.00810869554203], [-34.9257860632399, -8.00787569850747], [-34.9257861166177, -8.00787412609669], [-34.9257901469346, -8.00774475879541], [-34.9257934211104, -8.00763976669257], [-34.9257935014991, -8.00763718703211], [-34.9257935055474, -8.00763689048129], [-34.9257839272113, -8.00757419610222], [-34.925783891647, -8.00757396211656], [-34.9258071876884, -8.00753123231028], [-34.9258227568902, -8.00750714505345], [-34.9258502134898, -8.00746467246333], [-34.9258701502892, -8.00733956677208], [-34.9258701890395, -8.00733932068665], [-34.9257761267347, -8.00721835083089], [-34.9255973344936, -8.00707668655793], [-34.9255219532056, -8.00699685096246], [-34.9255309064257, -8.00698847282358], [-34.9255448744404, -8.00697163729162], [-34.9255817235256, -8.00692721782763], [-34.9256100053038, -8.00688644736649], [-34.9256330899056, -8.00684118357422], [-34.9256542163648, -8.00679205954255], [-34.9256931669207, -8.00668028044866], [-34.925718096296, -8.00661436562461], [-34.9257686865471, -8.006500595696], [-34.9257943737945, -8.00645854634593], [-34.9258342273451, -8.00640094791731], [-34.9258966321571, -8.00632260359676], [-34.9259667900869, -8.00624164198233], [-34.9260228610911, -8.00619235389846], [-34.9260950728926, -8.00613524988357], [-34.9261169823277, -8.00611515067383], [-34.926306869697, -8.0058981646683], [-34.9264324053412, -8.00575824198105], [-34.9264858068556, -8.00569154869875], [-34.9265192237714, -8.00564172267142], [-34.9265390895382, -8.00560034598705], [-34.9265607967057, -8.00553702639076], [-34.9265735305151, -8.00549245641901], [-34.9265824141436, -8.00545500130054], [-34.926592688983, -8.00543818028797], [-34.9266068707069, -8.00542650321588], [-34.9266456532919, -8.00541664595149], [-34.9267220191416, -8.00541693482783], [-34.9270535398816, -8.00542471909999], [-34.9276812013689, -8.00544083817787], [-34.9283135293621, -8.00545529812906], [-34.9285322855041, -8.00545943780598], [-34.9286235657701, -8.0054667516684], [-34.9286948054029, -8.00547803037881], [-34.9287660957258, -8.00550027507777], [-34.9288445965998, -8.00554183653493], [-34.9289568500801, -8.00560517444638], [-34.9291800638296, -8.00573185619996], [-34.9293117201709, -8.00579252126554], [-34.9294556103414, -8.00584022904746], [-34.9295430684606, -8.00585981869187], [-34.9296188161583, -8.00586655855383], [-34.9296764085234, -8.0058656445792], [-34.9297378209577, -8.00585181090561], [-34.9298108353832, -8.00582760221873], [-34.9298864048041, -8.00579628561237], [-34.9299522450392, -8.00576049873567], [-34.9301200071232, -8.00565521196712], [-34.9302710307018, -8.00556870933853], [-34.9303284793343, -8.00553747835531], [-34.9303621131709, -8.00553344890456], [-34.930404866298, -8.00554227950362], [-34.9305333161749, -8.00560941232266], [-34.930616338238, -8.0056490184581], [-34.9307642759911, -8.0057315410852], [-34.9308532300398, -8.00579434103782], [-34.9309474408553, -8.00587388935051], [-34.9310384482569, -8.00596054857916], [-34.9310950381145, -8.00602156616747], [-34.9311900576562, -8.00613529937567], [-34.9312558428633, -8.00622530047258], [-34.931275249893, -8.00622391952796], [-34.9313490730362, -8.00609649501869], [-34.9314530229121, -8.00590829158755], [-34.9315635175871, -8.00573553859446], [-34.931630959838, -8.0056274971126], [-34.9317072174011, -8.00546780712093], [-34.9318744298414, -8.00510900920595], [-34.9319224905088, -8.00500815260647], [-34.9319481392668, -8.00495771627637], [-34.9319725984053, -8.0049298643555], [-34.9319938598723, -8.00490976794835], [-34.9320358233943, -8.00488828270321], [-34.9320830023429, -8.00487516087867], [-34.9321903648602, -8.00486175631211], [-34.9323106955203, -8.00485345134632], [-34.9323643606626, -8.00484352479288], [-34.9324547829825, -8.00480568779067], [-34.9325141699915, -8.00477380108587], [-34.9325444260601, -8.00474011432699], [-34.9327625915212, -8.00434614757702], [-34.9328216324913, -8.00423953129216], [-34.9328718791091, -8.0041909153065], [-34.9329169972545, -8.00415199946463], [-34.9330796460239, -8.00406092675083], [-34.9330900841968, -8.00405342570883], [-34.9330923846023, -8.00405177135637], [-34.9330922973223, -8.00405153399824], [-34.9330923832, -8.00405147392815], [-34.9330851331289, -8.00403130583286], [-34.9330542792889, -8.00397319474012], [-34.9330473173503, -8.0039600841714], [-34.933034584832, -8.00391935366415], [-34.9330320626503, -8.00391128772895], [-34.9330305110119, -8.00390632087529], [-34.9330304336657, -8.00390607443], [-34.9330349567742, -8.00390302103409], [-34.9330924580542, -8.00386421171367], [-34.9331152241996, -8.00384837899028], [-34.9331194178213, -8.00384546274582], [-34.9331281450789, -8.00384018737127], [-34.9331421472699, -8.00384012177557], [-34.9332141199267, -8.0038397845996], [-34.933241924837, -8.00384139735831], [-34.9332830136905, -8.00383160919676], [-34.933334603956, -8.00382177183109], [-34.9333725252473, -8.0037872653122], [-34.933416518856, -8.0037472345786], [-34.9334818354703, -8.00370884424465], [-34.9334898326132, -8.00370414455305], [-34.9335933874555, -8.00363019115952], [-34.9336300208287, -8.00361741695407], [-34.933680817131, -8.003669626883], [-34.9336815867435, -8.0036701205079], [-34.9338017695448, -8.00376825410236], [-34.9339115519461, -8.00385611387123], [-34.9339550519313, -8.00388622844686], [-34.9340212200556, -8.00392377208625], [-34.9340304344071, -8.0039338941121], [-34.9340331740015, -8.00393747941716], [-34.9340380726504, -8.00393290272455], [-34.9340563859187, -8.00391579260175], [-34.93440450158, -8.00353642348185], [-34.9345422156369, -8.00341170341111], [-34.934689650161, -8.00329520985752], [-34.9347737716103, -8.00324380681505], [-34.9348620292484, -8.00318962699632], [-34.9348774597427, -8.00318319461493], [-34.9349489892657, -8.0031533761614], [-34.9350525378279, -8.00311566794019], [-34.9351422695471, -8.00308078185718], [-34.9352167493101, -8.00303769607049], [-34.9352911314608, -8.00297393135495], [-34.935366707977, -8.00287018186793], [-34.935436740061, -8.00276370100644], [-34.9354421651786, -8.00275365048845], [-34.9354874685689, -8.0026697179327], [-34.9355155873299, -8.00247382451328], [-34.9355297071171, -8.00224215273831], [-34.935554164643, -8.00214967155693], [-34.9356020530982, -8.00203064047664], [-34.9356225142221, -8.001979782689], [-34.9356745662319, -8.00187338615282], [-34.9356762835792, -8.00187118395544], [-34.935680504613, -8.00186255483635], [-34.9357506145747, -8.00177261692802], [-34.9358260932007, -8.001648188518], [-34.935901597812, -8.00152927381821], [-34.9359731288831, -8.00144760134002], [-34.9360695412104, -8.00136305388024], [-34.9361371638, -8.0013324074415], [-34.9362503476748, -8.00128500396589], [-34.9363359110513, -8.0012460021405], [-34.9364201099572, -8.00121114185177], [-34.9364849412224, -8.001174993724], [-34.9365592968193, -8.00110571519034], [-34.9366363273891, -8.00101712251704], [-34.936686330159, -8.0009375986534], [-34.9367350824911, -8.00084295580908], [-34.9367761225691, -8.00074763946444], [-34.9367919404144, -8.00067978822505], [-34.9367930761223, -8.00062739560407], [-34.9367801998425, -8.00053646827291], [-34.9367581135888, -8.00046764400264], [-34.9367389600786, -8.00040796947535], [-34.9367389389034, -8.00040790267463], [-34.9366945821899, -8.00027080012882], [-34.9365532700948, -7.99995711663067], [-34.9364723060109, -7.99976727318347], [-34.9363981363213, -7.99958288906795], [-34.9363558980082, -7.99942454746478], [-34.9363010058071, -7.99922214999069], [-34.9362972867924, -7.99920896821983], [-34.9362972775695, -7.99920893571707], [-34.9362602157211, -7.99907758751058], [-34.9362197648979, -7.99900471142569], [-34.9362152173487, -7.99899872620513], [-34.936140440622, -7.99890030967325], [-34.9360657293327, -7.99883497130796], [-34.9360432286095, -7.99881529245532], [-34.935971099425, -7.99877013675677], [-34.9359128714809, -7.99874007959464], [-34.9357647297693, -7.9987063097113], [-34.9356442808508, -7.99867930247401], [-34.9355490125014, -7.99866002256109], [-34.9355044635191, -7.99865100639745], [-34.9354158556668, -7.99863074325872], [-34.9353424150343, -7.99860075821061], [-34.9352883419177, -7.99857206105949], [-34.9351242903799, -7.99840920116235], [-34.9351242703338, -7.99840918136701], [-34.9349993111484, -7.99828253007093], [-34.9349929413155, -7.99827687430988], [-34.9349104449586, -7.9981920815933], [-34.9348375674022, -7.99813838943015], [-34.9348340416629, -7.99813579322718], [-34.9347624411301, -7.99808095323915], [-34.934760937433, -7.99807980218815], [-34.9347550081895, -7.99807525996322], [-34.9347173683538, -7.9980464305681], [-34.9346826831359, -7.99801986554795], [-34.934661338848, -7.9980030678276], [-34.9345907831707, -7.99794803847588], [-34.9345904390795, -7.99794776977499], [-34.934532829579, -7.99790284135409], [-34.9343997068298, -7.99782764083507], [-34.9342653050516, -7.99777450614029], [-34.9341129959394, -7.99773661810442], [-34.9339579402271, -7.99770287983272], [-34.9337697189562, -7.99767480883761], [-34.9335524562281, -7.99764687553631], [-34.9334168719497, -7.99763648174754], [-34.9332605696044, -7.99763169874859], [-34.933081649161, -7.99762521616304], [-34.9329941074863, -7.99761406304278], [-34.9328896022779, -7.99759653975568], [-34.9327703831939, -7.99757293138503], [-34.9326986533912, -7.99754334097756], [-34.9326667106909, -7.99753059408811], [-34.9326211573182, -7.99751241602958], [-34.9326030460943, -7.99750518786469], [-34.9325626860462, -7.99745161152876], [-34.9325302876542, -7.99732630977586], [-34.932518672942, -7.99723590140739], [-34.932517366217, -7.99722573235337], [-34.9325156650453, -7.99715818822282], [-34.9325290606303, -7.99706575797087], [-34.9325423375498, -7.99694851460487], [-34.9325487844983, -7.99684922523753], [-34.9325469015633, -7.99674308050413], [-34.9325394752529, -7.99663420523646], [-34.9325284517495, -7.99652450060063], [-34.9324255670408, -7.99635702162608], [-34.9321189153475, -7.99601993628603], [-34.932095009399, -7.99593595354921], [-34.9320822050013, -7.9958601901062], [-34.9320539431604, -7.9957321106141], [-34.9320147142841, -7.99562476364108], [-34.9319797949895, -7.99555186009686], [-34.9319483419189, -7.99550956981998], [-34.9319008249445, -7.99547262894339], [-34.9317965497887, -7.99540520648555], [-34.9316744843566, -7.99532857527642], [-34.93153859586, -7.99525338824871], [-34.9314152919825, -7.99520709207868], [-34.9313640319338, -7.9951880310055], [-34.9312906940667, -7.99518010175283], [-34.9312242602962, -7.99516938373513], [-34.9311494837319, -7.99514905478827], [-34.9310871194701, -7.99512177345208], [-34.9310307240634, -7.99508048022587], [-34.9309746002871, -7.99501614669219], [-34.9309258775839, -7.99494882228066], [-34.9308882063293, -7.99487868972919], [-34.9308422117601, -7.99480308131663], [-34.9307851222111, -7.99472063220754], [-34.9307655434382, -7.99470081272655], [-34.9307295371133, -7.99466436844114], [-34.9306670775051, -7.99461640892824], [-34.9305825400889, -7.99457958118968], [-34.9304953486209, -7.99456620355649], [-34.9304331483613, -7.99457338585368], [-34.9303889898551, -7.99459427254321], [-34.9303407358658, -7.9946262060758], [-34.9301989437499, -7.99476610723331], [-34.9299650259185, -7.99501948593533], [-34.9298201128134, -7.99515592549599]]]}}, {"type": "Feature", "properties": {"name": null, "description": null}, "geometry": {"type": "Polygon", "coordinates": [[[-35.0015676761832, -7.92780981773788], [-35.0014830430549, -7.92782041461644], [-35.0012450356738, -7.92781719096881], [-35.001072420479, -7.92774960378654], [-35.0010154513901, -7.92774405467202], [-35.0009804951634, -7.92776169017369], [-35.0009398314451, -7.92780701172021], [-35.00087874927, -7.92785679870057], [-35.0007709669862, -7.92791117645948], [-35.0006236650816, -7.92794536460934], [-35.0005507756878, -7.92796900511915], [-35.0004925638706, -7.92800858810625], [-35.0004329906772, -7.92806855705496], [-35.0004156246262, -7.92810066554145], [-35.0004218095623, -7.92817196428509], [-35.0004644036038, -7.9282241641949], [-35.0005230515896, -7.92827483150268], [-35.0006077763348, -7.92828315829732], [-35.0006953996575, -7.9282871047108], [-35.0007624628847, -7.92826640220864], [-35.0008223174625, -7.92826465917739], [-35.0008516946954, -7.9283009104488], [-35.0008578586078, -7.92836784192516], [-35.0008452529504, -7.9284785342863], [-35.0008455766001, -7.92854549382123], [-35.0008166918546, -7.92861113820756], [-35.0008171556449, -7.92861348011468], [-35.0007426108082, -7.92865258293566], [-35.0006884588738, -7.92870406693035], [-35.0004246687372, -7.92884092789634], [-35.0003085094982, -7.92888216426606], [-35.0002630016645, -7.92884622457756], [-35.0002235818099, -7.92881929498432], [-35.0001904173702, -7.92883602685839], [-35.0001362134692, -7.92887696560367], [-35.0000984935055, -7.92888919922832], [-35.0000531167139, -7.92888037782049], [-35.0000123382003, -7.92888509288824], [-34.999977684962, -7.92890635202334], [-34.9999567255599, -7.9289471310905], [-34.9999479502831, -7.92900743734195], [-34.9999558409523, -7.92907670289836], [-34.9999636360889, -7.9291263832135], [-34.9999638981437, -7.92918061892771], [-34.9999446249662, -7.92925754818249], [-34.9999342508086, -7.92929978252013], [-34.9999178032315, -7.92933601979687], [-34.9998831936288, -7.92936631806963], [-34.9998409481184, -7.92938008042749], [-34.9998152875874, -7.9293862298929], [-34.9997157139995, -7.92941985325473], [-34.9996825349302, -7.92943357205949], [-34.9996660436558, -7.92946077019633], [-34.9996647004426, -7.92949542883005], [-34.9996739488636, -7.92953304881182], [-34.9996720681966, -7.92957001167404], [-34.9996711887454, -7.92958729995171], [-34.9996457620231, -7.92964165994266], [-34.9995915142906, -7.92967355861428], [-34.9995251488193, -7.92969948923895], [-34.999461820052, -7.929728419293], [-34.9994456564968, -7.92973054904455], [-34.9994149825712, -7.9297301503023], [-34.9992956406732, -7.92973825657475], [-34.9991851259908, -7.92969660265899], [-34.9991002991818, -7.92965482447946], [-34.9990353506041, -7.9296611634249], [-34.9989962726944, -7.92970504166983], [-34.9989588218272, -7.9297730188433], [-34.9988973246655, -7.92986822950303], [-34.9988839718979, -7.92991951839653], [-34.9988735030362, -7.92994216748065], [-34.9988403820913, -7.92996793842319], [-34.9988178318737, -7.92999215251355], [-34.998781645109, -7.93000889881973], [-34.9987424134472, -7.93002113961237], [-34.9986881228277, -7.9300439990494], [-34.9986459717637, -7.93007734657218], [-34.9985841170989, -7.93009873620005], [-34.9984996185074, -7.93012475373043], [-34.998393971154, -7.93015237976146], [-34.9983080328361, -7.93019347066118], [-34.9982311627884, -7.93023451712298], [-34.9981452617079, -7.93028314106537], [-34.9980577836035, -7.93031821217481], [-34.9979913306042, -7.93032606431276], [-34.9979293167464, -7.93031430941788], [-34.9978430665049, -7.9302906174284], [-34.9977613854214, -7.93027443674427], [-34.9976752515442, -7.93027485001216], [-34.9976027832916, -7.93028875718642], [-34.997543995203, -7.93031917132486], [-34.9974899216798, -7.93038722728086], [-34.9974267525688, -7.93044930153442], [-34.9973862146679, -7.93050373306013], [-34.9973336299155, -7.93056726263813], [-34.9972675185695, -7.93064592360358], [-34.9971982977779, -7.93070651895441], [-34.9971244641975, -7.93075056471856], [-34.9970550834227, -7.93077801650327], [-34.9970037847463, -7.93079483517503], [-34.9969191913363, -7.9308012671641], [-34.996849781454, -7.93082269281898], [-34.9967956059793, -7.93086965737359], [-34.9967023958178, -7.93096954009739], [-34.9966649735307, -7.93104354238045], [-34.9966156960757, -7.9311658141606], [-34.9965799225083, -7.93126843453883], [-34.996506815634, -7.93146313640313], [-34.9964411982726, -7.93164424285627], [-34.9964041611554, -7.93179809416136], [-34.9963804189772, -7.93188860436203], [-34.9963595254199, -7.93194294164261], [-34.9963312858571, -7.93204100666723], [-34.9963028363925, -7.9320953801839], [-34.9962714301669, -7.93216332828085], [-34.9962400520959, -7.93223730158096], [-34.9962027759419, -7.93234143618587], [-34.9961449968714, -7.93258126318725], [-34.9961104085045, -7.93261608040337], [-34.9960713736288, -7.93266899857337], [-34.9960415361247, -7.93274899163413], [-34.9960101943376, -7.93283049892171], [-34.9960039681422, -7.93284452582635], [-34.996002132237, -7.93284552725167], [-34.9959051492652, -7.93298316935072], [-34.9958241807653, -7.93311463156564], [-34.9957293203121, -7.93318589704502], [-34.995626817598, -7.93323911951632], [-34.9955030505338, -7.93326984504987], [-34.9954258444083, -7.933241589181], [-34.995331921348, -7.93319382859071], [-34.9952486636033, -7.93316409558422], [-34.995195679508, -7.93314476382173], [-34.99515174018, -7.93312086855908], [-34.9950806883565, -7.93311518289212], [-34.9950308209037, -7.93311542191894], [-34.9949418084932, -7.9331459806997], [-34.9948075358824, -7.93319182200269], [-34.9947245396573, -7.93321632566352], [-34.9946370968447, -7.93325892936282], [-34.9945752858759, -7.93328935772], [-34.9945042766783, -7.93329271112759], [-34.9944195736562, -7.93327654438236], [-34.9943696117473, -7.93325719802699], [-34.9943150797897, -7.93323034029894], [-34.9942696080531, -7.93320193304058], [-34.9941862559234, -7.93315261449268], [-34.9941211395188, -7.93312430133407], [-34.9940772292728, -7.93310643205248], [-34.9939834225037, -7.93308277555491], [-34.9938895939605, -7.93305459990205], [-34.9938018397517, -7.93303242137847], [-34.9937367878114, -7.93301766645239], [-34.9936686928135, -7.93299840685428], [-34.9936126784117, -7.93297758327047], [-34.9935778501842, -7.93296268355255], [-34.9935369621596, -7.93294480063262], [-34.9934929575735, -7.93290734595957], [-34.9934413108704, -7.93285184912348], [-34.9934064019022, -7.93282037712809], [-34.9933668730079, -7.93277084849618], [-34.993320989315, -7.93273106949833], [-34.9933206840187, -7.93272642335092], [-34.9932907913192, -7.93270511662176], [-34.99323266869, -7.93266414504416], [-34.993176233583, -7.93262976478199], [-34.9931513450792, -7.93261668423995], [-34.9931165117989, -7.93260035070685], [-34.9930899684852, -7.93258727808396], [-34.993038569371, -7.9325677241594], [-34.9930002984011, -7.93252500763517], [-34.9929437759072, -7.93247247847424], [-34.9928972061424, -7.93242485120822], [-34.9928557129914, -7.93240029936721], [-34.9928159859183, -7.93239883970785], [-34.9927647378233, -7.93241063492099], [-34.9927068863692, -7.9324257623486], [-34.9926655353541, -7.93243090985856], [-34.9926456757871, -7.93243100492766], [-34.9925779263192, -7.93245277913069], [-34.9925449226917, -7.93247273715104], [-34.9925417234061, -7.93249585311102], [-34.9925501572991, -7.93252881249896], [-34.992550260598, -7.93255026189351], [-34.9925353822614, -7.93255363281893], [-34.9925121962628, -7.93255044410143], [-34.9924940550675, -7.93256373066272], [-34.9924809189485, -7.93258524343173], [-34.992467719263, -7.93259355678133], [-34.9924478040661, -7.93258210223785], [-34.9924195741667, -7.93256243732571], [-34.992396412908, -7.93256419804078], [-34.9923683895954, -7.93258743282197], [-34.9923437165373, -7.93261890082907], [-34.9923438595544, -7.93264860020297], [-34.9923607661467, -7.93272276897314], [-34.9923793046347, -7.93279198037217], [-34.9923927029714, -7.9328249160016], [-34.9923878577162, -7.93284968969398], [-34.9923631042838, -7.93286465775671], [-34.9923234009902, -7.93286814750458], [-34.9922870241253, -7.93287492193638], [-34.9922672360426, -7.9328898671322], [-34.9922640773735, -7.93292123216295], [-34.992272478573, -7.93294759140123], [-34.9922991331405, -7.93298376419274], [-34.9923472623981, -7.93301158402279], [-34.9924003402127, -7.93303607954889], [-34.9924369166474, -7.93307055407635], [-34.9924520333919, -7.9331166821018], [-34.9924522241039, -7.93315628126337], [-34.9924557165034, -7.93319421476717], [-34.9924509109819, -7.93322723753203], [-34.9924461045535, -7.9332602603013], [-34.9924528995496, -7.93329652814263], [-34.9924761323647, -7.93330961664759], [-34.9924812566523, -7.93334259187674], [-34.9924648576618, -7.93337402119328], [-34.9924434544806, -7.93339722339529], [-34.9924435736771, -7.93342197241906], [-34.9924767839936, -7.93344491408075], [-34.9924917824682, -7.93346629216813], [-34.9924968661202, -7.93349101742474], [-34.9924920606046, -7.93352404018972], [-34.9924822976802, -7.93355873744384], [-34.9924774276835, -7.93357856079457], [-34.9924742531462, -7.93360662619467], [-34.9924694317329, -7.9336363484272], [-34.9924613077317, -7.93366773813088], [-34.9924465635465, -7.93369915862365], [-34.9924450676649, -7.93373216554497], [-34.9924435717837, -7.93376517246627], [-34.9924436830395, -7.93378827167526], [-34.9924471595654, -7.93382290554823], [-34.9924590461901, -7.93388554845668], [-34.9924658412112, -7.93392181629398], [-34.9924662440805, -7.93392300045087], [-34.9924658571042, -7.93392511592259], [-34.9924661193602, -7.93397956431517], [-34.9924580748281, -7.9340274530673], [-34.9924517416522, -7.934086883497], [-34.9924403945197, -7.9341364379133], [-34.9924322873114, -7.93417112633901], [-34.9924274570495, -7.93419919966669], [-34.9924160233997, -7.93423060431345], [-34.9923946201871, -7.93425380742769], [-34.9923682357069, -7.93427373378024], [-34.9923285640662, -7.93428382281967], [-34.9922871899253, -7.93428402089099], [-34.9922292587244, -7.93428264836687], [-34.9921829192124, -7.9342828701977], [-34.9921482129353, -7.93429293635588], [-34.992115208247, -7.93431289438632], [-34.9920888325979, -7.9343344705357], [-34.9920293966269, -7.9343644551028], [-34.9919998216643, -7.93440914721355], [-34.9919835259007, -7.93446202502512], [-34.9919705883597, -7.93452478678317], [-34.9919774628205, -7.93457755368703], [-34.9919678508188, -7.93464360013691], [-34.9919434230557, -7.93472621693814], [-34.9919171745089, -7.93477419283389], [-34.9918925560338, -7.93481721046421], [-34.9918645484533, -7.93484374488366], [-34.9918331040912, -7.93484389539358], [-34.9918164913844, -7.93483077427858], [-34.9917932257937, -7.93481108559433], [-34.9917815775632, -7.93479794161941], [-34.9917698896064, -7.93477654766518], [-34.9917531965486, -7.93474692749711], [-34.9917316343658, -7.93473713067662], [-34.9916952255402, -7.93473730493506], [-34.9916671146656, -7.93474238993933], [-34.9916457272658, -7.93476889175765], [-34.9916359563136, -7.93480193829574], [-34.991629526788, -7.93484156915828], [-34.9916379289308, -7.93486792930712], [-34.9916347146218, -7.93488774473634], [-34.9916182042964, -7.93489607392502], [-34.9915983763743, -7.93490276823402], [-34.9915851368775, -7.93490283159776], [-34.9915537083975, -7.93490628262202], [-34.9915322406344, -7.93491628538671], [-34.9915008518701, -7.93492798548344], [-34.9914793373452, -7.93492808844625], [-34.9914395941079, -7.93492332817998], [-34.9913999382592, -7.93493671859024], [-34.9913652398389, -7.93494843451644], [-34.9913355694373, -7.93497332611035], [-34.9913223617123, -7.93497998963195], [-34.9912975684027, -7.93498670859385], [-34.9912794270678, -7.93499999513685], [-34.9912695687037, -7.93501489189675], [-34.9912696878589, -7.93503964184035], [-34.9912814561487, -7.93507753577089], [-34.9912899288641, -7.93511874517787], [-34.9912917275829, -7.9351484366439], [-34.9912951563875, -7.93517316984505], [-34.9912968985952, -7.93519131170346], [-34.9912887268309, -7.93521280071124], [-34.9912623907992, -7.93524262681335], [-34.9912359823621, -7.93525760277189], [-34.9912229096688, -7.93529231586779], [-34.9912181190418, -7.935328638281], [-34.991228176004, -7.93535499052269], [-34.991254767151, -7.93537796302997], [-34.9912862751195, -7.93539101288482], [-34.9913161203157, -7.93540241993677], [-34.9913311497041, -7.93543039732715], [-34.99138453858, -7.93551924203819], [-34.9914012545893, -7.93555381257301], [-34.9913964251641, -7.93558188500002], [-34.9913849914212, -7.93561329054933], [-34.9913719654942, -7.93565790254509], [-34.9913705013376, -7.93569750964781], [-34.9913757050658, -7.93574698486231], [-34.9913974103098, -7.93578648107641], [-34.9914124556161, -7.93581775899303], [-34.991422536442, -7.9358490606691], [-34.991417683187, -7.9358721836508], [-34.991398093569, -7.93592837784362], [-34.9913834366508, -7.93597794811122], [-34.9913687170748, -7.93601431804462], [-34.991340669665, -7.93603260247531], [-34.9913042756979, -7.93603607636277], [-34.9912696248602, -7.93605769300408], [-34.9912482532703, -7.93608749445435], [-34.9912483644968, -7.93611059458163], [-34.9912568063827, -7.93614520381315], [-34.9912800790835, -7.93616654233368], [-34.9913033438427, -7.93618623103702], [-34.9913017764076, -7.93620438873348], [-34.9912952356337, -7.93622092037933], [-34.9912771269417, -7.93624080709592], [-34.9912623508324, -7.93626562742261], [-34.9912343431258, -7.93629216183222], [-34.9912195917554, -7.93632193250428], [-34.9912131304208, -7.93635496320784], [-34.9911950128691, -7.93637320011214], [-34.9911619612146, -7.93638325831665], [-34.9911271037861, -7.93636197523241], [-34.9910871776865, -7.9363192655929], [-34.9910820136887, -7.93627804035098], [-34.9910668968855, -7.93623191317708], [-34.9910468305737, -7.93618910849031], [-34.9910168423316, -7.93614800203873], [-34.9909852787033, -7.93612340346661], [-34.9909487576268, -7.93610047846685], [-34.9909107732638, -7.93611715966615], [-34.9908283254652, -7.93618025404243], [-34.9907706957741, -7.93624157980614], [-34.9907362584265, -7.936307745063], [-34.990714958269, -7.93635239664931], [-34.990678747846, -7.93639382077228], [-34.9906558078254, -7.93644177991208], [-34.9906411120023, -7.93648310019077], [-34.9906347062212, -7.93652768141697], [-34.9906299085184, -7.93656235401743], [-34.990603547635, -7.9365872306654], [-34.9906036747117, -7.9366136295292], [-34.990618792403, -7.9366597576282], [-34.990632214646, -7.9366976436642], [-34.9906373856512, -7.93674051874098], [-34.9906624411965, -7.9367882491395], [-34.9906634615771, -7.93678830211504], [-34.9906624570809, -7.93679154877137], [-34.9906659176604, -7.93682288214941], [-34.9906910764756, -7.93689206195838], [-34.990689651088, -7.93693991906143], [-34.9906948230151, -7.93698279413052], [-34.9907115470015, -7.93701901360229], [-34.9907150323299, -7.9370552973254], [-34.9907101622439, -7.93707512068355], [-34.9906870245381, -7.93708183171914], [-34.9906721857329, -7.93709345260477], [-34.9906656528686, -7.93711163406556], [-34.9906523497452, -7.937098497082], [-34.9906356089626, -7.93705897707599], [-34.9906123600553, -7.93704258887626], [-34.9906022077462, -7.93699643702266], [-34.9905886972156, -7.9369404021125], [-34.99057374721, -7.93692892285826], [-34.9905456441022, -7.93693565764251], [-34.9904878624703, -7.9369656341883], [-34.9904450079121, -7.93700213963118], [-34.9904335899567, -7.93703684390813], [-34.9904304709037, -7.93707645894604], [-34.9904274859643, -7.93714412357447], [-34.9904145879049, -7.93721513534042], [-34.9904114529653, -7.93725144984243], [-34.9903983951515, -7.93728946257863], [-34.9903688684092, -7.93734405355565], [-34.990344305263, -7.93739862168837], [-34.9903411782656, -7.93743658691163], [-34.990364458963, -7.93745957529202], [-34.9903926177071, -7.93746439012757], [-34.9903943916825, -7.93748913216384], [-34.9903845729576, -7.93751227890833], [-34.9903504022176, -7.93753024907264], [-34.9903081548007, -7.93756159773944], [-34.9902771283939, -7.9376062407168], [-34.9902661857973, -7.9376507876051], [-34.9902663892605, -7.93769305634921], [-34.9902954946963, -7.9377129404496], [-34.9903201049311, -7.93772617069965], [-34.990362448747, -7.93771484491978], [-34.990418084475, -7.93768343218503], [-34.990469322291, -7.93766538938952], [-34.9905228344733, -7.93765623406914], [-34.9905852611727, -7.93764481126847], [-34.990641015596, -7.93763787092537], [-34.9906811171365, -7.93762433012658], [-34.9907190308915, -7.93761969906031], [-34.9907613425413, -7.93760169894951], [-34.9907814790007, -7.93761272666733], [-34.9908038684148, -7.93762819233081], [-34.9908219777684, -7.93768149945094], [-34.9907998347122, -7.93771720067628], [-34.9907800401122, -7.9377773636434], [-34.9907469545072, -7.93785761175761], [-34.9907427163815, -7.93790435228231], [-34.9907496145082, -7.93794658897512], [-34.9907698366795, -7.93797541390671], [-34.9907789333047, -7.93801096562699], [-34.9907993920539, -7.93808873357641], [-34.9908085850954, -7.93814430727669], [-34.9908131981423, -7.93817543172394], [-34.990817789765, -7.93820210664076], [-34.9908202355492, -7.93824658945429], [-34.9908281866209, -7.93827153244421], [-34.9908294540853, -7.93827205252305], [-34.9908338468284, -7.93831580189007], [-34.9908476663819, -7.9383636746177], [-34.9908540178291, -7.93838031813617], [-34.9908509976706, -7.93840430202636], [-34.9908280514921, -7.93841483350243], [-34.9908040397447, -7.93842120159792], [-34.990776901544, -7.93842966844342], [-34.9907560312995, -7.93843706384695], [-34.9907393111083, -7.93843818531188], [-34.9907204857847, -7.9384361916214], [-34.9906963636356, -7.93841963224451], [-34.9906816641893, -7.93840615480829], [-34.9906491698611, -7.93838755170763], [-34.9906187856894, -7.93837310698521], [-34.9906098097973, -7.93836809279957], [-34.9905873418797, -7.9383555411969], [-34.9905632297765, -7.9383410664538], [-34.9905077482213, -7.93832465713226], [-34.9904837063641, -7.93832477218067], [-34.9904565841188, -7.93833636596737], [-34.9904410097688, -7.93835832524277], [-34.9904390191239, -7.93837917807492], [-34.9904391044155, -7.93839689393485], [-34.9904464972371, -7.93841249103814], [-34.9904486876684, -7.93843332386259], [-34.9904512478374, -7.93843791131403], [-34.9904602866496, -7.93845411076008], [-34.9904792926052, -7.93849362172953], [-34.9904909267145, -7.93852170397583], [-34.9904910270651, -7.93854254680129], [-34.9904911474853, -7.93856755801101], [-34.9904881013118, -7.93858633120187], [-34.990473547366, -7.93860307477058], [-34.9904537125635, -7.93860838051503], [-34.9904255288469, -7.93861685324952], [-34.9903973058941, -7.93861698830497], [-34.9903753148696, -7.9386087556722], [-34.9903397542828, -7.938604757355], [-34.990309390166, -7.93859448099615], [-34.9902696293417, -7.93858633428993], [-34.9902392903115, -7.93858126863226], [-34.9902079509361, -7.93858558706694], [-34.9901839441787, -7.93859299745369], [-34.9901620384433, -7.93860248157497], [-34.9901453784402, -7.93861610907753], [-34.9901120693722, -7.93864544872166], [-34.9900797957609, -7.93867269871734], [-34.9900621413278, -7.93869675263118], [-34.9900183640473, -7.93872301622098], [-34.9899881905444, -7.93875234085737], [-34.9899905775017, -7.93881381612169], [-34.9900108245795, -7.93889396455291], [-34.9900235082861, -7.93892308414136], [-34.9900518566832, -7.9389490026444], [-34.9900708375552, -7.93898330292803], [-34.9900783357297, -7.93902078428679], [-34.9900826923965, -7.93905723833018], [-34.9900702786796, -7.93908439421109], [-34.9900410813317, -7.93909912404906], [-34.9900118228726, -7.93910134782958], [-34.9899908914657, -7.93909623715024], [-34.9899395316002, -7.93906730260708], [-34.9898912863552, -7.93903418467285], [-34.9898524446741, -7.93899998030028], [-34.9898104072149, -7.93895328395754], [-34.9897808478099, -7.93889298102529], [-34.98973242795, -7.93882338809891], [-34.9897030240523, -7.93879539082709], [-34.9896738057343, -7.93880595225562], [-34.9896393859137, -7.93882174939321], [-34.989602855937, -7.93883338723599], [-34.9895735573691, -7.93882727511252], [-34.98954209348, -7.9388055399524], [-34.9895241271601, -7.93876498250687], [-34.9895083872413, -7.93875255144254], [-34.9894603385548, -7.93876007678982], [-34.9894227781247, -7.93877484658563], [-34.9893287416362, -7.93878363331964], [-34.9892859546171, -7.93879842810249], [-34.9892546803859, -7.9388162939568], [-34.9892192802296, -7.93884564354927], [-34.9891787045385, -7.93888543955259], [-34.9891370783267, -7.93892419823095], [-34.9890901594343, -7.93894943442031], [-34.9890494082237, -7.93895275544054], [-34.988997027988, -7.93892903647082], [-34.9889363749295, -7.93892411568344], [-34.988879964028, -7.9389316809584], [-34.9888297891993, -7.93893192088165], [-34.9887995803951, -7.93894149165504], [-34.9887995203225, -7.93894144493269], [-34.9887806398138, -7.93892798741118], [-34.9887565026424, -7.9389083018445], [-34.988725058826, -7.93889073500218], [-34.9886759194717, -7.93888888616433], [-34.9886289262523, -7.93889849016672], [-34.9885829726068, -7.93890704684681], [-34.9885223956405, -7.93891775813023], [-34.988479558432, -7.93892213141524], [-34.9884399119488, -7.93893795345453], [-34.9884064623559, -7.93893811336732], [-34.9883719472152, -7.93893410988599], [-34.9883458543923, -7.93894257159512], [-34.9883261088357, -7.93896663545877], [-34.9883252045885, -7.9389958200844], [-34.9883201584453, -7.9390333614816], [-34.9882983519619, -7.93906368837801], [-34.9882681190444, -7.93908050684762], [-34.9882336640381, -7.93908900943112], [-34.9881908468494, -7.93909755108149], [-34.9881584418305, -7.93909770598417], [-34.9881271383486, -7.93910931963341], [-34.9881168305151, -7.93913959065552], [-34.9881065427319, -7.93917403097197], [-34.9880867720914, -7.93919288411637], [-34.9880450505026, -7.9392118421854], [-34.9879897041548, -7.93922357075058], [-34.987964577525, -7.93921535387819], [-34.9879415801711, -7.93921546379962], [-34.9879050400571, -7.93922501777003], [-34.9878811233902, -7.93925118534943], [-34.9878780780028, -7.93926995854681], [-34.9878813238473, -7.93929287106523], [-34.9878814441168, -7.93931788140991], [-34.9878993743501, -7.93935114540999], [-34.9879079319782, -7.93939174792848], [-34.987912339494, -7.93943862346472], [-34.9879313402911, -7.93947709227431], [-34.9879461249199, -7.93950828660983], [-34.9879556979921, -7.93954263199392], [-34.9879465208443, -7.93959061480943], [-34.9879278858896, -7.93962822116487], [-34.9879018030355, -7.93963876750627], [-34.9878663074782, -7.93964831648958], [-34.9878182836677, -7.93966105149036], [-34.9877566209585, -7.93966343090921], [-34.9876970683845, -7.93966996872081], [-34.9876573174604, -7.93966390552157], [-34.9876217066385, -7.93964948555753], [-34.9875996454246, -7.93962666386017], [-34.9876004094099, -7.93956829957992], [-34.9875887512822, -7.93953500649302], [-34.9875594426289, -7.9395268086809], [-34.9875041663594, -7.93955312701794], [-34.9874625449085, -7.93959292790675], [-34.9874062741284, -7.93962967175413], [-34.9873762506549, -7.9396902605578], [-34.9873399500601, -7.93974983610507], [-34.9873067659234, -7.93980522917557], [-34.9872789035684, -7.93988039690715], [-34.9872613441028, -7.93992425129478], [-34.9872511113536, -7.93997015536796], [-34.9872586193432, -7.94000972057891], [-34.9872786496917, -7.94004505836611], [-34.9873174111745, -7.94006258943778], [-34.9873612589702, -7.94005091678437], [-34.9874197260291, -7.94003604721888], [-34.9875095476733, -7.94001998545135], [-34.9875889202111, -7.94000501595368], [-34.9876619714321, -7.93997965498547], [-34.9877245945007, -7.93995955468394], [-34.9877653768286, -7.93996248680065], [-34.9878009867754, -7.93997690674862], [-34.9878367429673, -7.94002154774745], [-34.9878651865818, -7.94006726694732], [-34.987902922624, -7.94008897134576], [-34.9879259592194, -7.94009719910383], [-34.9879334773018, -7.94013884893304], [-34.9879305171238, -7.94017533801662], [-34.9879149726445, -7.94020355028371], [-34.9878847437431, -7.94022141198097], [-34.9878345946938, -7.94022686253298], [-34.9877718804805, -7.940228204653], [-34.9877007999574, -7.94022854440469], [-34.9876276033704, -7.94022368342324], [-34.9875837204957, -7.94022806164846], [-34.9875703120929, -7.94026564302165], [-34.9875685627576, -7.94033651747241], [-34.9875739948235, -7.94037921963328], [-34.9875776798361, -7.94039144079298], [-34.9875751674535, -7.94039188583181], [-34.9875877941098, -7.94042292414992], [-34.987595306259, -7.94046353257608], [-34.9876079707509, -7.94048848387079], [-34.9876070455196, -7.94051349921534], [-34.9876040001286, -7.94053227331903], [-34.9875884305589, -7.94055527486719], [-34.9875645188237, -7.94058248477458], [-34.9875406772445, -7.94062428450324], [-34.9874834560716, -7.94068083483109], [-34.9874105851171, -7.94074371222967], [-34.9873325376389, -7.94081703603134], [-34.9872741205749, -7.94084232614015], [-34.9872191017756, -7.94080492532625], [-34.987184394863, -7.94074504091111], [-34.9871598230225, -7.94070512421412], [-34.9871209097514, -7.94066527695056], [-34.9870789771609, -7.94059398924418], [-34.9870672082628, -7.94053256502403], [-34.9870369346066, -7.94049982463862], [-34.9869737107482, -7.94047439077102], [-34.9869278811014, -7.94048747773091], [-34.9868949515103, -7.94049907377717], [-34.9868764595714, -7.9405306169991], [-34.9868482518294, -7.94062940600947], [-34.9868486435851, -7.94071090076192], [-34.9868444518455, -7.94073379730489], [-34.9868043515052, -7.94074542670669], [-34.9867671133061, -7.94075561315673], [-34.986724118269, -7.94076153747891], [-34.9866653472744, -7.94076753716773], [-34.9866037287857, -7.94077784008197], [-34.9865736612992, -7.94078799225901], [-34.9865321204693, -7.94079819924537], [-34.9864704676082, -7.94080135322395], [-34.986433236258, -7.94081296888851], [-34.9864046642071, -7.94083598189759], [-34.9863646540736, -7.94086619862648], [-34.9863088129976, -7.94088505226089], [-34.9862543033582, -7.94088245318459], [-34.9861810474852, -7.9408584963924], [-34.9861235804192, -7.94083732453018], [-34.9860402728908, -7.94081055716995], [-34.9859884802228, -7.94077649019466], [-34.9859382388567, -7.94076672160373], [-34.9858881202397, -7.94078268840062], [-34.9858250749664, -7.94079442729293], [-34.9858065279724, -7.94081453294027], [-34.9857722127839, -7.9408361431622], [-34.9857477225774, -7.94081338358344], [-34.985697439992, -7.94079503680005], [-34.985650176635, -7.94080813048337], [-34.9855670536665, -7.94081996611628], [-34.9854854132728, -7.94084180229063], [-34.9853980426079, -7.94086509598938], [-34.9852919335084, -7.94086846205403], [-34.9852159125555, -7.94086596554029], [-34.9851053557048, -7.9408393271658], [-34.985016317926, -7.94081401621458], [-34.9849775627316, -7.94080705303079], [-34.9849330163765, -7.94078867786025], [-34.9849014456481, -7.94078453982877], [-34.9848497981353, -7.94078049672144], [-34.9847995901854, -7.94077787691574], [-34.9847694059001, -7.94076372280801], [-34.9847506803354, -7.94074665545521], [-34.9847462678625, -7.94072379997247], [-34.9847504468995, -7.94069804402828], [-34.9847747301789, -7.94067791194196], [-34.9848119204031, -7.94065771734564], [-34.9848635001451, -7.94064746260743], [-34.9848949884718, -7.94063444430995], [-34.9849206375833, -7.94060000752108], [-34.9849305596976, -7.94057565434406], [-34.9849519542455, -7.94055124550186], [-34.9849961778508, -7.94050242277641], [-34.9850075207305, -7.94047520245875], [-34.985017332068, -7.94042797327051], [-34.9850171123424, -7.94038222123969], [-34.9849979267537, -7.94026936120146], [-34.9849860904199, -7.94019363989346], [-34.9849428129614, -7.94014094519543], [-34.9849239501061, -7.94009528214545], [-34.9848705798218, -7.94003119688447], [-34.9848259305859, -7.93999137671221], [-34.9847800939949, -7.94000303329237], [-34.9847371882034, -7.94002754478439], [-34.9847085817465, -7.94004340876182], [-34.98467559716, -7.94004356617681], [-34.9846267217367, -7.94001949269907], [-34.9846151179775, -7.93999238279807], [-34.9846149463614, -7.93995663907096], [-34.9846476632218, -7.93990072220868], [-34.9846774973292, -7.93984195874377], [-34.9847114907896, -7.93975315069896], [-34.9847241908659, -7.939710197361], [-34.9847412631023, -7.9396815204332], [-34.9847741996037, -7.93967135470511], [-34.9848030051197, -7.93969695323217], [-34.9848204128315, -7.93973833360642], [-34.984825003777, -7.93979836205645], [-34.9848338689702, -7.93985265119697], [-34.9848671830754, -7.93992112092342], [-34.984921884859, -7.93996375256741], [-34.9850109224408, -7.93998906358651], [-34.9850697268349, -7.93999021308143], [-34.9850810903037, -7.93996728230108], [-34.9850594202305, -7.93993450065539], [-34.9850019258612, -7.93990760981319], [-34.9849587935242, -7.93988493914251], [-34.9849185087023, -7.9398579661454], [-34.9848939018909, -7.93981090122901], [-34.9848836090499, -7.93975804818048], [-34.9848833344373, -7.93970085858745], [-34.9848916032565, -7.93963076022119], [-34.9848956852728, -7.93958498855887], [-34.9848981254013, -7.9395540101841], [-34.984901257621, -7.93955064760291], [-34.9849010997198, -7.93951776327065], [-34.9848794090985, -7.93948069297351], [-34.9848534648329, -7.93945365061453], [-34.9848017145181, -7.93942816158706], [-34.9847184544616, -7.93941140218875], [-34.9846725424177, -7.93940733164706], [-34.9846052015232, -7.93942052099047], [-34.9846001784528, -7.93942289815656], [-34.9845594139343, -7.93944218584463], [-34.9845207892821, -7.93946238724038], [-34.984487907693, -7.93948399050587], [-34.9844664856931, -7.93950267963452], [-34.9844493319849, -7.93951420020953], [-34.9844335972362, -7.93952285365406], [-34.9844134999197, -7.93951865991157], [-34.9843848660224, -7.93952880508118], [-34.9843720895095, -7.93955603222686], [-34.9843449921554, -7.93958761643299], [-34.9843121869475, -7.93962494678326], [-34.9842707353354, -7.93965374001817], [-34.9842449558027, -7.93966101210672], [-34.9842219826067, -7.93965540280126], [-34.9841946459413, -7.93963694630848], [-34.9841744516317, -7.93961273592207], [-34.9841614280433, -7.9395884922278], [-34.9841584775851, -7.93957134866383], [-34.9841584170706, -7.93955874130996], [-34.9841598366015, -7.93955561472011], [-34.9841568852414, -7.93953847206438], [-34.9841596169996, -7.93950986356756], [-34.9841308870157, -7.9394999920829], [-34.9840821960574, -7.93951452165128], [-34.9840106828769, -7.9395548970018], [-34.9839247948413, -7.93958819091854], [-34.9838962432625, -7.93961549330855], [-34.9838877487367, -7.93963841038485], [-34.9838663678649, -7.93966567766415], [-34.983862256399, -7.93966981605105], [-34.9838478139272, -7.93968435308865], [-34.9838378665143, -7.9396790739763], [-34.9838291227551, -7.93967443369775], [-34.9838118994921, -7.93967165639724], [-34.9837832449742, -7.9396775119928], [-34.9837732061509, -7.93967755987768], [-34.9837574448384, -7.93968049451478], [-34.9837416698033, -7.9396805697601], [-34.9837244817539, -7.93968494138181], [-34.983707285934, -7.93968788285953], [-34.9836901381425, -7.93970083265824], [-34.9836787480537, -7.93971804463103], [-34.9836674260332, -7.93974377227117], [-34.9836673991295, -7.93974383477776], [-34.9836531400213, -7.93976105953079], [-34.9836474655582, -7.93977395460413], [-34.9836345860685, -7.93977973494907], [-34.9836174245493, -7.9397898253548], [-34.9836031251798, -7.9397984719282], [-34.9835887837388, -7.93979854033112], [-34.9835844408679, -7.93978998267394], [-34.9835843791199, -7.93977711496015], [-34.983584060854, -7.9397754177998], [-34.983581435544, -7.93976140153445], [-34.9835641916925, -7.93975433468489], [-34.9835454799412, -7.93974012664494], [-34.9835297049019, -7.93974020188278], [-34.983511082339, -7.93974458033858], [-34.9834853164922, -7.93975471087236], [-34.9834652731414, -7.93976195555966], [-34.9834280348684, -7.93977214170936], [-34.9833865008366, -7.93978377761961], [-34.9833478143313, -7.93979111121248], [-34.9833063351755, -7.93981418558769], [-34.9832647599757, -7.9398172433115], [-34.9832072793986, -7.93979321158013], [-34.9831211991539, -7.93978647296236], [-34.9830365396973, -7.93977686809348], [-34.9830193781575, -7.9397869584781], [-34.9829865727924, -7.93982428875683], [-34.982963654455, -7.93983011695016], [-34.9829334968081, -7.93982168236947], [-34.9828976038524, -7.93981327513191], [-34.9828560355, -7.93981776296395], [-34.9828245539825, -7.93983221035232], [-34.9828174998471, -7.93985654983163], [-34.982811935088, -7.93989232094694], [-34.9827834588409, -7.93993535039621], [-34.9827621043967, -7.93996833643024], [-34.9827307257388, -7.94000423061826], [-34.9827036016872, -7.9400300959646], [-34.9826691834599, -7.94003026005505], [-34.9826418527583, -7.94001323269835], [-34.9825958729421, -7.9399948649685], [-34.9825628128847, -7.93997929510009], [-34.9825355173845, -7.93996941666543], [-34.9825082895536, -7.93997383610372], [-34.9824596610609, -7.94000123322762], [-34.9824197114173, -7.94004431735601], [-34.9823768191307, -7.94007168712942], [-34.9823409800975, -7.94007471742529], [-34.9823194482444, -7.94007053132493], [-34.9822820169973, -7.9400406840697], [-34.9822604165786, -7.94002220009284], [-34.9822288184581, -7.94001234214539], [-34.9822000953076, -7.94000390067367], [-34.9821713447296, -7.93998973950782], [-34.9821282810276, -7.93998136638117], [-34.9820824237229, -7.93998873404317], [-34.9820351533776, -7.94000039717218], [-34.9820079666638, -7.94001339476216], [-34.9819621856671, -7.94003648952849], [-34.9819279525197, -7.94007525673742], [-34.9819137481617, -7.94010391993266], [-34.9818965943311, -7.9401154395217], [-34.9818722208758, -7.94011698585935], [-34.9818307210059, -7.9401357705716], [-34.9817963575899, -7.94014737217024], [-34.9817691991817, -7.94016608853359], [-34.9817492106037, -7.9401847716329], [-34.9817724031881, -7.9402361322935], [-34.9817827779356, -7.94030614188062], [-34.9817844103378, -7.94034759762581], [-34.9817430269794, -7.94039068854607], [-34.9817043609148, -7.94040231064693], [-34.9816442452277, -7.94042690298088], [-34.9816000074391, -7.94047286695453], [-34.9815171044623, -7.94053045300908], [-34.9814426335468, -7.94055225426344], [-34.9813710512998, -7.9405783313855], [-34.9812964853205, -7.94058011684567], [-34.9812261936415, -7.94057616210272], [-34.9811817159156, -7.94057208436451], [-34.9811444774675, -7.94058227034104], [-34.9810916000741, -7.9406211263337], [-34.9810114691543, -7.94065868197287], [-34.9809457121625, -7.94070331823161], [-34.9809116159088, -7.94077068025698], [-34.9809006642266, -7.94087939557338], [-34.9809111553686, -7.94097371053056], [-34.9809144620614, -7.94106520025062], [-34.9809249121058, -7.94115093701687], [-34.9809380795152, -7.94120520585861], [-34.9809799692631, -7.94126791624563], [-34.9809989744411, -7.94128790611557], [-34.9810462745969, -7.94133765940589], [-34.9811081119213, -7.94137310940318], [-34.9811656063983, -7.94140000079459], [-34.9812016237864, -7.9414341445184], [-34.9811960314747, -7.94146419595436], [-34.9811688514919, -7.94147862366851], [-34.9811130451023, -7.94150462471557], [-34.9809699770819, -7.94157679559558], [-34.9809127018832, -7.94159565541871], [-34.9808411751446, -7.9416331700808], [-34.9807424204047, -7.94167510408814], [-34.9806535400749, -7.94168267659531], [-34.9805631978137, -7.94168453712445], [-34.9804884319827, -7.94164485898278], [-34.9804265603876, -7.94160226085074], [-34.9803802917479, -7.9415238428552], [-34.980352701555, -7.94145248590097], [-34.9803192646041, -7.94135828018665], [-34.9803189640304, -7.94135686680367], [-34.9802170983295, -7.94119030165753], [-34.9801963711343, -7.94118657720205], [-34.9801259560168, -7.94115688771999], [-34.9800457657412, -7.94118229055831], [-34.9799407903484, -7.94127286576391], [-34.9798659076013, -7.94135829383339], [-34.9797660949527, -7.94147887105444], [-34.9796912600784, -7.94157430745484], [-34.9795760778182, -7.94162990165022], [-34.9794708625178, -7.94167043686484], [-34.9793754943444, -7.94167089087932], [-34.9793151420236, -7.94164615719746], [-34.9792746278368, -7.94157128619187], [-34.9792039969855, -7.94149655943958], [-34.9791530125892, -7.94133166286983], [-34.9790869455019, -7.94116183423331], [-34.9789757527824, -7.94100222800905], [-34.9789098535655, -7.94086742808462], [-34.9788088196789, -7.94073279442864], [-34.978743279929, -7.9406730557309], [-34.9786574956587, -7.94057838376851], [-34.9785918131307, -7.94048861997388], [-34.9784859990973, -7.94040405183776], [-34.9783850364254, -7.9402844310009], [-34.9782644520329, -7.94025998364098], [-34.9781590212964, -7.94025548132619], [-34.9780484518318, -7.94022598151568], [-34.9779732334919, -7.94024135170867], [-34.9779033693727, -7.94032675651434], [-34.9778636697459, -7.94042202552928], [-34.9778186389194, -7.94045226455134], [-34.9777934463952, -7.94043236719829], [-34.9777527880559, -7.94032747268308], [-34.9777022833161, -7.94026265751882], [-34.9776465192803, -7.94014782532969], [-34.9776009387087, -7.94006297045829], [-34.9775506007136, -7.94003318497326], [-34.9774953164648, -7.94001843452426], [-34.9774500223062, -7.9399936288818], [-34.9773795117402, -7.93994392211441], [-34.9773291268018, -7.93990412823039], [-34.9772586162589, -7.93985442053086], [-34.9772031157099, -7.93979463377009], [-34.9771226381408, -7.93975998675977], [-34.9770473001411, -7.93975033722412], [-34.9770020538934, -7.93973553897696], [-34.9769716510087, -7.93967563286566], [-34.9769510707007, -7.93957064185438], [-34.9769504484709, -7.9394405349469], [-34.9769000157717, -7.93939073262168], [-34.9768197058103, -7.93939111434697], [-34.9767193190329, -7.93939159147866], [-34.9766542822521, -7.93943693879327], [-34.9766395833334, -7.93951207173684], [-34.9766198884575, -7.9395922331733], [-34.9766203430955, -7.93968731128164], [-34.9765905384693, -7.9397525083321], [-34.9765357079835, -7.93983283585434], [-34.9764555654074, -7.93986824635795], [-34.9763400479531, -7.93985378289506], [-34.9762494367378, -7.93979916666894], [-34.9762287130507, -7.93966415138181], [-34.9762082764645, -7.93958918538879], [-34.9761612508574, -7.93953430958385], [-34.9761577002737, -7.93950935785367], [-34.9760722038245, -7.939474734452], [-34.9760067372747, -7.93943000726933], [-34.9759914632433, -7.93938504160828], [-34.975996172172, -7.93931996471865], [-34.9760862330653, -7.9392594861586], [-34.9761361642298, -7.93920420210088], [-34.9761659210787, -7.93912899760985], [-34.9761654426541, -7.93902891483692], [-34.9761245705403, -7.93887898281184], [-34.9760888848689, -7.93876405486292], [-34.9760030298236, -7.93865436999611], [-34.9759377060233, -7.93863966697533], [-34.9758726940458, -7.93869001788964], [-34.9758277827613, -7.93874527806449], [-34.9757778285754, -7.93879555744141], [-34.9757029681149, -7.93888598951305], [-34.9756279411301, -7.93894139272816], [-34.9755632151211, -7.93905179294281], [-34.9755135478276, -7.93916212162998], [-34.975479057927, -7.93929740017778], [-34.9754142131826, -7.93938277990839], [-34.9753694213347, -7.93946306054442], [-34.9752841401228, -7.9394734732838], [-34.9751888439487, -7.93948893922601], [-34.9750985667405, -7.93950438040909], [-34.9750386213202, -7.93956471578863], [-34.9750489231963, -7.9396197137214], [-34.9749938054672, -7.93963999176699], [-34.9749385930088, -7.9396402539565], [-34.974878742269, -7.93972060607784], [-34.9748892832115, -7.93982564498995], [-34.9748945182789, -7.9398706583878], [-34.9748696127884, -7.93991081016065], [-34.974809093509, -7.93985104683053], [-34.9747735753694, -7.93977114756774], [-34.9747384875534, -7.93978132277859], [-34.9747134625203, -7.93979645405628], [-34.9746635071677, -7.93984673426966], [-34.9746234959688, -7.93987694915313], [-34.9745885754697, -7.93992215322143], [-34.9745587456653, -7.93998234557215], [-34.9745088389835, -7.94004263324563], [-34.9744688994683, -7.94008786113966], [-34.9744642142221, -7.94015794271169], [-34.9744796315732, -7.94023293268912], [-34.9745049673984, -7.94028285451307], [-34.9745353222295, -7.94033275340716], [-34.9745354417552, -7.94035777389758], [-34.9745324704843, -7.94036884529349], [-34.9745206468186, -7.94041289011171], [-34.9744857740859, -7.94046810256131], [-34.9744508774377, -7.94051831036945], [-34.9744511164893, -7.94056835225643], [-34.9744613705335, -7.940613340933], [-34.9744616095893, -7.94066338281945], [-34.9744368474503, -7.94073355881513], [-34.9743868211599, -7.94076882600644], [-34.9743620112039, -7.94082899543226], [-34.9743471675246, -7.94087410327527], [-34.9743021841186, -7.94091435127308], [-34.9742318418401, -7.94089967188376], [-34.9741512685343, -7.94084500843727], [-34.9741010748888, -7.94084524672753], [-34.9740359180219, -7.9408655723548], [-34.9739806566645, -7.94085582698562], [-34.9739152139013, -7.94081610321261], [-34.9738346884338, -7.94077144716727], [-34.9737566878676, -7.94075724972963], [-34.973756257084, -7.94075780775787], [-34.973723574476, -7.94076998840196], [-34.9736806102356, -7.94079424336228], [-34.9736686795644, -7.94082178727564], [-34.9736654708142, -7.94087162315611], [-34.9736674571117, -7.94092658830188], [-34.9736659876469, -7.94097985217688], [-34.9736541225999, -7.94102113897104], [-34.9736249522551, -7.94104704703797], [-34.9735888147616, -7.94105752640284], [-34.9735544010471, -7.94106799758363], [-34.9735268387183, -7.94106984607129], [-34.9734958060295, -7.94106655710445], [-34.9734577733939, -7.94104096889405], [-34.9734335091622, -7.94101187818208], [-34.9734074491459, -7.94096733512372], [-34.9733691622477, -7.94088849119854], [-34.9733292099074, -7.9408216806902], [-34.9732980943092, -7.94080121265221], [-34.9732601601287, -7.94079623873933], [-34.9732136844874, -7.94080676712621], [-34.9731689645216, -7.94082415877518], [-34.9731226519915, -7.94086904527254], [-34.9731055927563, -7.94090520368964], [-34.9730851041691, -7.94094481372588], [-34.9730594533401, -7.94098616593011], [-34.9730182529067, -7.941019002643], [-34.9729700461542, -7.94102782155028], [-34.972916660755, -7.94103494644542], [-34.9728839534842, -7.94104197322646], [-34.9728513364187, -7.94106789760416], [-34.9728308058935, -7.94109891856171], [-34.9728205743371, -7.94112130047942], [-34.9727896391341, -7.94113862669818], [-34.9727311251796, -7.94115436608262], [-34.9726863313471, -7.94115629626687], [-34.9726552330474, -7.94113926434911], [-34.9726120390963, -7.94111541730568], [-34.972575704768, -7.94108466701981], [-34.9725429573943, -7.94108310469236], [-34.9724930177193, -7.94109021319082], [-34.9724120790435, -7.9411009049792], [-34.9723569543333, -7.94110460180483], [-34.9722589062262, -7.94114114435458], [-34.97216776781, -7.94118108946212], [-34.9720679967817, -7.94121764014672], [-34.9719750279772, -7.94123526051566], [-34.9719318996128, -7.94122515719258], [-34.9718644670195, -7.94117737394909], [-34.9717933664875, -7.94108322363311], [-34.9716649512564, -7.94089485757445], [-34.9715588470168, -7.94068748762559], [-34.9715328354637, -7.94065325202404], [-34.9715051174262, -7.9406224598603], [-34.9714809361889, -7.94061054896856], [-34.971451659169, -7.94061412402176], [-34.9714206419764, -7.94061427106842], [-34.9713982737473, -7.94062124871532], [-34.9713983802683, -7.94064358160402], [-34.9713932926746, -7.94066078518702], [-34.9713726728064, -7.94067290847444], [-34.9713554568143, -7.94067642634432], [-34.971334755007, -7.94067137055407], [-34.9713191808562, -7.9406577002703], [-34.9712950569732, -7.94065781463019], [-34.9712640315824, -7.94065624402947], [-34.9712347381655, -7.94065638289153], [-34.9712122879972, -7.94064618145226], [-34.9711915279339, -7.94062910039433], [-34.971167288444, -7.94060516422229], [-34.9711517479818, -7.94059836628045], [-34.9711207307848, -7.94059851330441], [-34.9710810409519, -7.94058667499322], [-34.971049917253, -7.9405644891183], [-34.9710238411152, -7.94051651056614], [-34.9709961558864, -7.94049258980789], [-34.9709684952413, -7.94047382376551], [-34.9709443049199, -7.94046019429995], [-34.970926909615, -7.94042591780748], [-34.9709009072234, -7.94039339978167], [-34.9708750104186, -7.94038321465356], [-34.9708577216117, -7.94037127105212], [-34.9708335231092, -7.94035592394073], [-34.970809382857, -7.94035260299413], [-34.9707951637003, -7.94035267038059], [-34.9707948096105, -7.94035295863934], [-34.9707885900556, -7.94032864955208], [-34.9707712357271, -7.94030296304152], [-34.9707470217547, -7.94028417974087], [-34.970724596187, -7.94027913208243], [-34.9706987403469, -7.94027753693403], [-34.9706797450525, -7.94026903676147], [-34.9706882702367, -7.940250099215], [-34.9706864245024, -7.94022433830235], [-34.9706639416057, -7.94020726537148], [-34.9706381021517, -7.94020910639654], [-34.9706053621, -7.94020926153906], [-34.9705588044763, -7.94020260964093], [-34.9705346069032, -7.94018726340658], [-34.9705035160169, -7.94017194892901], [-34.9704689138652, -7.94014290696437], [-34.9704238580154, -7.94008986434727], [-34.9703788513085, -7.94004712845109], [-34.9703425417746, -7.94002153081714], [-34.9703097034699, -7.94000107157026], [-34.970278695396, -7.94000293615373], [-34.9702408922754, -7.94002544866005], [-34.9702047956459, -7.94004451682241], [-34.9701824683519, -7.94006008439793], [-34.9701532977823, -7.94008599225902], [-34.9701241026442, -7.94010674630171], [-34.9701052784077, -7.94013432282304], [-34.9701071322914, -7.94016180138504], [-34.9701296479213, -7.94018574580711], [-34.9701486932392, -7.94020455273443], [-34.9701609025682, -7.94023541849337], [-34.9701593434602, -7.94026978483311], [-34.9701543458871, -7.94030588604324], [-34.9701441296457, -7.94033170320625], [-34.970116722877, -7.94036619290414], [-34.970094403751, -7.94038347811743], [-34.9700738811934, -7.94041621661986], [-34.9700774998024, -7.94045227610833], [-34.9700931394188, -7.94047968936055], [-34.9701259941396, -7.94050358479684], [-34.9701467860153, -7.94052753828334], [-34.9701555086619, -7.94054983036827], [-34.9701487472693, -7.94057734974497], [-34.9701315721988, -7.94058945665811], [-34.9701006214004, -7.9406033474153], [-34.9700817234506, -7.94061546248926], [-34.9700645410959, -7.94062585175847], [-34.9700681351449, -7.94065675742913], [-34.9700717783307, -7.94069797163808], [-34.9700788181362, -7.94072886098374], [-34.9700686592091, -7.94076670432425], [-34.9700516160519, -7.94080629795615], [-34.9700362384511, -7.9408338581535], [-34.970001873722, -7.94085463669239], [-34.9699710611919, -7.94089773181289], [-34.9699559056653, -7.9409146205693], [-34.9699531069017, -7.94091530100994], [-34.9699191305846, -7.94097457626243], [-34.9699070459835, -7.94101820735208], [-34.9698866296317, -7.94103328311596], [-34.9698580066483, -7.94104567388257], [-34.9698362441518, -7.94106484047621], [-34.9698145854925, -7.94110579395066], [-34.9698106509161, -7.94113985513447], [-34.969768524871, -7.9411849900207], [-34.9697413379635, -7.9412123530255], [-34.9697169480719, -7.94125331943687], [-34.9697060862836, -7.94126698754661], [-34.969695282901, -7.94129291055192], [-34.969681761281, -7.94132157030735], [-34.9696709254488, -7.94134068513766], [-34.969662860681, -7.94136795755914], [-34.9696562458868, -7.94141292512845], [-34.9696467756612, -7.94143203349007], [-34.969631777196, -7.94143755138104], [-34.9696126494509, -7.94143627959868], [-34.9695961685662, -7.94141729416481], [-34.9695755648975, -7.94139288141456], [-34.9695481897741, -7.94138075591051], [-34.9695180769453, -7.94136728188666], [-34.969494871843, -7.94137011477019], [-34.9694759313798, -7.9414083323932], [-34.9694720227301, -7.94144783939829], [-34.9694680417965, -7.94147236860186], [-34.9694763985895, -7.94150637157032], [-34.9694779727564, -7.9415499379646], [-34.9694794876199, -7.94158125037], [-34.969479682296, -7.9416221003281], [-34.9694647551994, -7.94164259602108], [-34.9694319825075, -7.9416441127381], [-34.9694005031421, -7.94163064518226], [-34.9693595034377, -7.94162539253076], [-34.9693240180849, -7.94163100744683], [-34.9692708679137, -7.94165576952983], [-34.9692163780782, -7.94168598479738], [-34.9691796364991, -7.94171475451859], [-34.9691456344371, -7.94174487274892], [-34.9691101815067, -7.94175729582709], [-34.9690596522283, -7.94175889660984], [-34.9689955632494, -7.94178098749784], [-34.9689560385191, -7.941798876693], [-34.9689123585638, -7.94180453038454], [-34.9688740437386, -7.94178973276688], [-34.9688643148834, -7.94175437478774], [-34.9688889189736, -7.94175834364028], [-34.9689201963249, -7.94172959981438], [-34.9689255558792, -7.94170778795464], [-34.9689103887123, -7.9416779016716], [-34.9689075147692, -7.9416479580792], [-34.9689087117135, -7.94161254926773], [-34.9689099735257, -7.94159075590821], [-34.9688866636994, -7.94157180277696], [-34.9688687847844, -7.94154601469173], [-34.9688673088926, -7.94152287280969], [-34.9688440379971, -7.94151209021181], [-34.9687811524725, -7.94150013279721], [-34.9686595097829, -7.94148300672324], [-34.9685816063119, -7.94147248186586], [-34.9685350719182, -7.94145227627409], [-34.968494038887, -7.94144021535463], [-34.968469454273, -7.94144033174263], [-34.9684053968057, -7.94146923071989], [-34.9683795114314, -7.94148296992831], [-34.9683508939314, -7.94149672297314], [-34.9683127477616, -7.94151732855346], [-34.9682800528761, -7.94153518535421], [-34.9682365026196, -7.94156807169332], [-34.968222954035, -7.94159128470674], [-34.9682025709093, -7.94161316858608], [-34.9681794037719, -7.94162417194639], [-34.9681549229014, -7.94164607522124], [-34.9681330889442, -7.94165026303035], [-34.9681016753487, -7.94165041172427], [-34.9680551789462, -7.94163837662335], [-34.9680059837435, -7.94163316262557], [-34.9679622194728, -7.94162111458152], [-34.9679211734602, -7.94160633069435], [-34.9678841724075, -7.94158063305561], [-34.9678566944614, -7.94154672142394], [-34.9678306015793, -7.94151688769352], [-34.9678030384448, -7.94146527352], [-34.9677809775719, -7.94142180403019], [-34.9677726857463, -7.9414014173585], [-34.9677684129569, -7.9413646720214], [-34.9677709311329, -7.94131972381977], [-34.9677694349519, -7.94129249755548], [-34.9677515440535, -7.94126398648595], [-34.9677200193602, -7.94124098678347], [-34.9676898806375, -7.94122206588259], [-34.967666609771, -7.94121128230289], [-34.9676296420942, -7.94119239371157], [-34.9675926873834, -7.94117622802801], [-34.9675666334397, -7.94115456390971], [-34.9675432783118, -7.94112607958589], [-34.9675376982822, -7.94110159561364], [-34.9675388499724, -7.94105665387304], [-34.9675154429903, -7.94101727518579], [-34.9674770384262, -7.94098341521209], [-34.9674222373472, -7.94094827042042], [-34.9673839161479, -7.94093211117619], [-34.967349679725, -7.94091320962848], [-34.9673141628614, -7.94091201617571], [-34.9672786774923, -7.9409176300051], [-34.9672541827262, -7.94093681032088], [-34.9672270030065, -7.94096553374616], [-34.9671985863961, -7.94102149818432], [-34.9671824231954, -7.94106923392398], [-34.9671661636793, -7.9410965441994], [-34.9671471128015, -7.94111161339356], [-34.9671157121883, -7.94111448491557], [-34.9670910822094, -7.94110507011903], [-34.9670623350454, -7.94109158852831], [-34.9670417444802, -7.94106989942828], [-34.9670143499707, -7.94105368846044], [-34.9669828910341, -7.94104430505579], [-34.9669418969388, -7.94104041450854], [-34.9668886105322, -7.94103658119724], [-34.9668475905158, -7.94102724391015], [-34.9668052178434, -7.94102063508691], [-34.9667819988397, -7.94102074490984], [-34.9667437563075, -7.94102092578931], [-34.9667028334839, -7.94103201304859], [-34.9666619171357, -7.94104446176109], [-34.9666210590978, -7.94106916538859], [-34.9665925063259, -7.94109653469529], [-34.9665543480112, -7.94111441720916], [-34.9665202346924, -7.94112138688283], [-34.9664917152104, -7.94115556436887], [-34.9664672657347, -7.94118427575231], [-34.9664386814529, -7.94120483595612], [-34.9663650562276, -7.94123241840379], [-34.9662940529821, -7.94123683863236], [-34.9662407730169, -7.94123436760371], [-34.9661887300066, -7.94120465644523], [-34.9661408097487, -7.94118037263927], [-34.9660902933933, -7.94118469596078], [-34.9660588862753, -7.94118620685293], [-34.966016565399, -7.94119049141587], [-34.9660028491733, -7.94117830106875], [-34.9659930808056, -7.94113477331473], [-34.9659916180322, -7.9411143542968], [-34.9660078914973, -7.94108976695838], [-34.9660241316676, -7.94105837143394], [-34.9660594357206, -7.94101463057542], [-34.9660797550973, -7.94097913039611], [-34.9661027409185, -7.94093000092341], [-34.9661093431658, -7.94088231040266], [-34.9660928430028, -7.94085923950897], [-34.9660668927774, -7.94085936220325], [-34.9660246034169, -7.94087045585731], [-34.9659768580868, -7.94088293679037], [-34.965945515753, -7.94089806314528], [-34.9659373859503, -7.94091171826812], [-34.9659099850024, -7.9408941457569], [-34.9658799046499, -7.94088747962207], [-34.9658539479436, -7.94088624084612], [-34.9658388587407, -7.94087269549268], [-34.9658523232687, -7.9408317808715], [-34.9658917565439, -7.94079482885007], [-34.9659203806048, -7.94078243832738], [-34.9659627079153, -7.94077951433736], [-34.9659982321791, -7.94078207026641], [-34.9660310640792, -7.94079280784845], [-34.9660761096593, -7.9407871489236], [-34.9660855930153, -7.94077076352041], [-34.9660963642517, -7.94073803146243], [-34.9660866541915, -7.94070675863226], [-34.9660590913256, -7.94065514427468], [-34.9660384036702, -7.94061302963184], [-34.9660149515101, -7.94056411971342], [-34.966001118727, -7.94052741951402], [-34.9659954934612, -7.94049340348716], [-34.965985763987, -7.94045804537515], [-34.9659773556968, -7.94041314969712], [-34.9659649338676, -7.9403859741434], [-34.9659346981164, -7.94034662760366], [-34.9659044494207, -7.94030455814551], [-34.9658633129085, -7.94027071088863], [-34.965837310907, -7.94025994009228], [-34.9657908729577, -7.94026015960793], [-34.9657390040435, -7.94026721313457], [-34.9656789794179, -7.94028247503819], [-34.965655889952, -7.94030981845944], [-34.9656451899092, -7.94035752835366], [-34.9656385487484, -7.94039704922979], [-34.9656319011083, -7.94043520774447], [-34.9656238684346, -7.94046928834146], [-34.9655980338774, -7.94049392085754], [-34.9655558166612, -7.94051999229566], [-34.9654999285781, -7.94054340536944], [-34.965452241528, -7.94056814116453], [-34.9654044961972, -7.94058062202763], [-34.9653744806149, -7.94058757223431], [-34.9653526466512, -7.94059176079479], [-34.9653430476266, -7.9405836363268], [-34.965363469748, -7.94056992221282], [-34.9653770434896, -7.94055215599984], [-34.9653933428829, -7.94053301541639], [-34.9654137261565, -7.9405111325545], [-34.9654354888881, -7.94049196524493], [-34.9654627214414, -7.94047413447482], [-34.9654830982343, -7.94045089015335], [-34.9654870599925, -7.94042227565431], [-34.9654692136997, -7.94040329645388], [-34.9654473408954, -7.9403993144624], [-34.9654200250792, -7.94039944356352], [-34.9653913686456, -7.94040502585625], [-34.9653736389006, -7.94041055650668], [-34.9653490413501, -7.94040794887567], [-34.9653407811349, -7.9403943712216], [-34.9653393054577, -7.94037122927655], [-34.9653392083418, -7.94035080469731], [-34.9653390464781, -7.94031676282773], [-34.9653456682489, -7.9402731575761], [-34.9653524130328, -7.94025542363914], [-34.9653672626373, -7.94021858694528], [-34.9653876070512, -7.94018853353305], [-34.9654051878728, -7.94015168483544], [-34.9654036927757, -7.94012445851776], [-34.9653980740443, -7.94009180392657], [-34.9653761041427, -7.94006739734798], [-34.9653472673579, -7.94003485338467], [-34.9653198600155, -7.9400159184516], [-34.9652952236457, -7.94000514116023], [-34.9652733832365, -7.94000796825143], [-34.9652542814232, -7.94001214388857], [-34.965224233506, -7.94001228588142], [-34.9652200321914, -7.93999051830222], [-34.9652158058888, -7.93996330398276], [-34.9652060894501, -7.93993066965222], [-34.9651868322689, -7.93990216487026], [-34.9651553022274, -7.93987780344908], [-34.9651238554369, -7.93987114369532], [-34.9650979052583, -7.93987126631403], [-34.9650637596177, -7.93987142765506], [-34.9650323784641, -7.93987838427861], [-34.9650009973089, -7.93988534090015], [-34.9649601133371, -7.93990459762524], [-34.9649342537767, -7.93992378426476], [-34.9649098236374, -7.93995657994137], [-34.9649058821609, -7.9399892797185], [-34.9649183362692, -7.94002326261528], [-34.9649184657283, -7.940050496299], [-34.9649323113416, -7.94008991947893], [-34.9649324666951, -7.940122599899], [-34.9649516850346, -7.94014293413741], [-34.9649477241428, -7.94017154863583], [-34.9649327450352, -7.94018115164022], [-34.9649150088119, -7.94018531990813], [-34.9648932072218, -7.94019631663545], [-34.9648755875126, -7.94022499566966], [-34.9648470873302, -7.94026325834105], [-34.9648308073293, -7.94028648328163], [-34.9648117896399, -7.94030836057198], [-34.9647982343876, -7.94033021205368], [-34.9647874445301, -7.94035885881798], [-34.9647602960832, -7.94039439031504], [-34.9647371288674, -7.94040539348976], [-34.9647057217779, -7.94040690426637], [-34.9646797262507, -7.94039749485073], [-34.9646673230096, -7.94037440452055], [-34.9646535291777, -7.94034587389954], [-34.9646424083182, -7.94030507544088], [-34.964639521769, -7.94027240882239], [-34.9646256438069, -7.94022617652757], [-34.9646077393077, -7.94019494234446], [-34.9645762407149, -7.94017738907744], [-34.9645488731242, -7.94016662464192], [-34.9645324572037, -7.94016125532973], [-34.9645091476147, -7.94014230188284], [-34.96449126254, -7.94011515206713], [-34.9644556347727, -7.94009080994393], [-34.964435122028, -7.94008545997904], [-34.9644024131507, -7.94010059357615], [-34.9643643194832, -7.94013209228473], [-34.9643303420527, -7.94016765692], [-34.9642909215917, -7.94020733263518], [-34.9642486904386, -7.94023068104065], [-34.9642282941599, -7.94024984093988], [-34.964196958246, -7.94026632953007], [-34.9641478731426, -7.94028426253495], [-34.9641096879487, -7.94029669900146], [-34.9640851809787, -7.94031315442792], [-34.9640593148698, -7.94033097866595], [-34.9640430024689, -7.94034739629263], [-34.9640170587127, -7.94034888031011], [-34.9639951406187, -7.94033536712151], [-34.9639868416205, -7.94031361886769], [-34.9639797797434, -7.94026463136498], [-34.9639754499963, -7.94021563095883], [-34.963973921731, -7.94018159551463], [-34.9639750553338, -7.94013256930681], [-34.9639749000558, -7.94009988886785], [-34.9639842855456, -7.94006307890373], [-34.9639868429874, -7.94002630118545], [-34.9639906422038, -7.93996364478226], [-34.9639944940909, -7.93991188275856], [-34.9639943258783, -7.93987647940172], [-34.963999575719, -7.93983151822384], [-34.9640006760736, -7.93977568382168], [-34.9640086580386, -7.9397307097417], [-34.9640152476135, -7.9396802962794], [-34.9640217466109, -7.9396108187759], [-34.9640228210908, -7.93954953763423], [-34.964033540743, -7.93950591302022], [-34.9640483572123, -7.93946226815572], [-34.9640482795813, -7.9394459288405], [-34.9640413147774, -7.93941736593128], [-34.9640179211526, -7.93938071076188], [-34.9640028200265, -7.93936444148645], [-34.9639768181077, -7.93935367054736], [-34.9639576506941, -7.93934422882293], [-34.9639125210884, -7.93933218671153], [-34.9638660249703, -7.939320151047], [-34.9638400230561, -7.93930938009781], [-34.9638031526935, -7.9393109165834], [-34.963755394463, -7.9393206734121], [-34.9636980816357, -7.93933183774124], [-34.96365716528, -7.93934428613971], [-34.9636094781885, -7.93936902171777], [-34.9635930946444, -7.93937046055814], [-34.9635658952912, -7.93939510030902], [-34.9635360220181, -7.93943200699572], [-34.9634937982455, -7.93945671677143], [-34.9634542216047, -7.9394637119657], [-34.9634241154877, -7.93945159887578], [-34.9633993951012, -7.93942311976635], [-34.9633678457723, -7.93939467289189], [-34.9633362761425, -7.93936214163975], [-34.9633128631726, -7.93932140113189], [-34.9633003768817, -7.93928060904272], [-34.9632796184445, -7.93922351631105], [-34.9632629309649, -7.93916095659217], [-34.9632503800224, -7.9391065480947], [-34.9632188889286, -7.93909035614495], [-34.9631833518409, -7.9390850770191], [-34.9631504554408, -7.93906072185095], [-34.9631352832302, -7.9390294746677], [-34.9631269519862, -7.93900091817529], [-34.9630981412955, -7.93897381983192], [-34.9630748382979, -7.93895622773089], [-34.9630351129745, -7.93893190478], [-34.9630172797835, -7.9389156492535], [-34.9629926693757, -7.93891031853779], [-34.9629735610927, -7.93891313169968], [-34.9629435778672, -7.93892688991508], [-34.9629162870622, -7.93893246557592], [-34.9628835015034, -7.93893125881013], [-34.9628424623044, -7.93891783576981], [-34.9628027887139, -7.93890440628037], [-34.9627631742109, -7.93890323082642], [-34.9627194675414, -7.93890343707359], [-34.9626853163749, -7.93890223673557], [-34.9626470859687, -7.93890514101918], [-34.9626060855588, -7.93889988761786], [-34.9625677978755, -7.93889053603622], [-34.9625349596943, -7.93887843575653], [-34.9625088737933, -7.93884996301347], [-34.9624882383038, -7.93881874157008], [-34.9624852993424, -7.93877518140449], [-34.962478282952, -7.9387357249489], [-34.9624575957622, -7.93869361001156], [-34.9624095983828, -7.93865298541194], [-34.9623657366089, -7.93862051114262], [-34.9623287046894, -7.93858800554972], [-34.96228751688, -7.9385432634275], [-34.9622546925665, -7.9385338869373], [-34.9622164621767, -7.93853679026978], [-34.9621932561759, -7.9385396236276], [-34.9621590016287, -7.9385166362538], [-34.9620933456312, -7.93849651998338], [-34.9620262972809, -7.93847096430407], [-34.9619729603178, -7.93845623767603], [-34.9619236934164, -7.93843604407021], [-34.9618826542786, -7.93842262091518], [-34.9618566395269, -7.93840912689352], [-34.961812804565, -7.9383820992916], [-34.9617635256631, -7.9383591827366], [-34.9617401581363, -7.93832797412097], [-34.9617169133689, -7.93832263687658], [-34.9616800882624, -7.93833370428502], [-34.9616472113714, -7.93831343334375], [-34.9616170666057, -7.93829315041891], [-34.9615937895385, -7.93828100495766], [-34.9615814003656, -7.93826063739344], [-34.9615731218404, -7.93824297433098], [-34.9615620918203, -7.93822123976886], [-34.9615429060181, -7.93820771261479], [-34.9615113947525, -7.93818743612294], [-34.9614853412611, -7.93816577149652], [-34.9614756833124, -7.93814539195207], [-34.9614523361029, -7.93811826769085], [-34.9614276537805, -7.93809795898916], [-34.9614138731822, -7.93807215201089], [-34.9613795661236, -7.93803827105889], [-34.9613260289788, -7.93798133179712], [-34.9612178383115, -7.93792056572593], [-34.9611029423587, -7.93788570319202], [-34.9609731899566, -7.9378863148718], [-34.9608803539696, -7.93789492235153], [-34.9608367838759, -7.93792372358573], [-34.9608015955857, -7.93799197490767], [-34.9607596945823, -7.93808476744146], [-34.9607121752563, -7.93814490612502], [-34.960679634199, -7.93819544285657], [-34.9606663508514, -7.9382744837688], [-34.9606531634597, -7.9383739502288], [-34.9606332448925, -7.93849387351294], [-34.9606197613584, -7.93853070278313], [-34.9605843792782, -7.93855810392319], [-34.9605419874434, -7.93854740998873], [-34.9604872775016, -7.93853132723453], [-34.9604228838196, -7.93848941814101], [-34.9603678510603, -7.93840525232316], [-34.9603594877354, -7.93836988751058], [-34.9603398048135, -7.93825151234721], [-34.9603188531454, -7.93815356825828], [-34.9602623571158, -7.93804898420497], [-34.9602168984276, -7.93796749621203], [-34.9601685591682, -7.93785470293246], [-34.9601202715835, -7.93775280314636], [-34.9600666304359, -7.93767407756561], [-34.9600022304776, -7.93763080599594], [-34.9599393510455, -7.93762020850123], [-34.9598341905154, -7.93762206633931], [-34.9597181927651, -7.93764303791409], [-34.9596540970647, -7.93766376586896], [-34.9596092700674, -7.93771572100462], [-34.9595876426238, -7.93776348237454], [-34.9595700031917, -7.93778807595936], [-34.9595087290135, -7.93782785422389], [-34.9594297637524, -7.93788133255353], [-34.9593616145276, -7.93791161092567], [-34.9593370622512, -7.93791853494126], [-34.9592824298384, -7.93791879226364], [-34.9592321434447, -7.93793736587588], [-34.9591956835154, -7.93795758210627], [-34.9591574809627, -7.93799603030269], [-34.9591174339747, -7.93803084207001], [-34.9590845342754, -7.93803099701547], [-34.9590314940609, -7.93802395748564], [-34.9589656160494, -7.93800786742829], [-34.9588887369393, -7.93798453983989], [-34.9588209627113, -7.93795388003597], [-34.9587659563154, -7.93791769333011], [-34.95871639005, -7.93787237002017], [-34.9586869642973, -7.93783424119591], [-34.9586502108458, -7.9377925017551], [-34.9586444763272, -7.93773968272491], [-34.9586441137829, -7.93766314876995], [-34.9586508726822, -7.93754649134846], [-34.9586615371237, -7.93748266156979], [-34.9586830827051, -7.93740055769767], [-34.9586826338515, -7.93730580128706], [-34.9586839603675, -7.93720010298041], [-34.9587035484109, -7.93709067448528], [-34.9587303864474, -7.93696845485918], [-34.9587771491416, -7.93680787495296], [-34.9587969011658, -7.93673306885631], [-34.9588202997613, -7.93665642303413], [-34.9588219024899, -7.93660903622858], [-34.9588491988779, -7.93658339552576], [-34.9589203863704, -7.93656301584151], [-34.9590336223497, -7.93654425981216], [-34.9591120616114, -7.93651108895752], [-34.9591465129943, -7.93645261394688], [-34.9591388822655, -7.9363852261157], [-34.9591130513969, -7.93633432428419], [-34.9590396388194, -7.93627088949317], [-34.9589864003075, -7.93622193925244], [-34.9589643636888, -7.93620017593606], [-34.9589350416481, -7.93618391278277], [-34.9589039260852, -7.93617494830026], [-34.9588452474953, -7.93613513462547], [-34.9588213914608, -7.93611520151757], [-34.9588103127404, -7.93609156404388], [-34.9588045532933, -7.93603327836041], [-34.9587988370061, -7.93598410435639], [-34.9587675661059, -7.93594233907592], [-34.9587216389758, -7.93589335345956], [-34.9586922910791, -7.93587162453856], [-34.9586300945225, -7.93586098378019], [-34.9585533798066, -7.93587227842632], [-34.9585241441006, -7.93587423859748], [-34.958514764016, -7.93582325836423], [-34.9585053666826, -7.93576863490385], [-34.9585251437362, -7.93569929546842], [-34.958555715612, -7.93559345949245], [-34.9585590601571, -7.93552784161567], [-34.9585315921236, -7.93551703736499], [-34.9585023736982, -7.93552264165885], [-34.9584732933333, -7.93555740170622], [-34.9584295644652, -7.93558676392804], [-34.9583984584845, -7.93557962100285], [-34.95837280034, -7.93556516401135], [-34.9583689811965, -7.93553055790529], [-34.9583761104007, -7.93549225696373], [-34.9583741106865, -7.93545582064058], [-34.958363553879, -7.93543649298994], [-34.9583597740609, -7.93543700258046], [-34.9583296229793, -7.9354371444809], [-34.9582777260719, -7.93545604733771], [-34.9582258889575, -7.93548738868602], [-34.9581813197711, -7.935516621944], [-34.9580879287753, -7.93555541470759], [-34.9580506569545, -7.93558875957412], [-34.9579998393359, -7.93561595014611], [-34.9579624595485, -7.93562649183896], [-34.9579397186925, -7.93565458542295], [-34.9579233783724, -7.93571685711693], [-34.9579277674659, -7.93576555464341], [-34.9579261347901, -7.93585989057131], [-34.9579067193257, -7.93593150469199], [-34.9578986615731, -7.93598648062986], [-34.9578718652873, -7.93603636184242], [-34.9578046287438, -7.93610923792624], [-34.9577280440809, -7.9361842309696], [-34.9576544324006, -7.93622811351419], [-34.957612025743, -7.93627495915137], [-34.9575770096943, -7.93634560973289], [-34.9575386682622, -7.93637274157647], [-34.9575002188777, -7.9363770684354], [-34.9574732409854, -7.93638859720201], [-34.9574399607014, -7.93638668079672], [-34.957381669822, -7.93637244326913], [-34.9573098224045, -7.93634997668314], [-34.9572462781225, -7.93632436200522], [-34.9571947171107, -7.93629356771061], [-34.957120507428, -7.93625134791778], [-34.9570376637532, -7.93618930408844], [-34.9569489805603, -7.93609607004382], [-34.9568745695117, -7.93601128226125], [-34.9568398339394, -7.9358894155011], [-34.9568707017326, -7.93579561915897], [-34.9569129558717, -7.93570176926733], [-34.9569126873165, -7.93564501172528], [-34.9568753883094, -7.93558275362858], [-34.956801205643, -7.93554620922178], [-34.9567385292713, -7.93553515274323], [-34.9567130050959, -7.93555513830901], [-34.9567218261276, -7.93561469254091], [-34.9567248738845, -7.93565724709131], [-34.9567079702503, -7.93569421894991], [-34.9566766987307, -7.93570288032294], [-34.9566396951105, -7.93570305432916], [-34.9565911708784, -7.93567490354922], [-34.9565284005045, -7.93564398103925], [-34.9564372730072, -7.93563589610036], [-34.956360499042, -7.93565328480957], [-34.9563006824302, -7.93564505172199], [-34.9562665788646, -7.93565656418598], [-34.9561984513483, -7.93569661466344], [-34.9561216773517, -7.93571400333374], [-34.9560561411616, -7.93570012239224], [-34.9560388473266, -7.93565479698412], [-34.9560528653028, -7.93560932438182], [-34.9560954686061, -7.93558925855973], [-34.956141012223, -7.93558904445707], [-34.9561750889457, -7.93557185651832], [-34.956206144812, -7.93551779039943], [-34.9562600539116, -7.93548064367493], [-34.9563141365968, -7.93548038941118], [-34.9563454474812, -7.93548024220327], [-34.9563738985803, -7.9354772706331], [-34.9564136017934, -7.93544586719825], [-34.9564105406517, -7.93540047489461], [-34.9563904809837, -7.93537219024801], [-34.9563477166404, -7.9353582013735], [-34.9563049666326, -7.93534705113625], [-34.9562707145308, -7.93532734662186], [-34.9562563221101, -7.93531224345953], [-34.9562562950485, -7.93531189010409], [-34.9562277548874, -7.93527474858077], [-34.9562019212545, -7.93526458648408], [-34.9561735938718, -7.93527243208325], [-34.9561634139785, -7.93530075855279], [-34.9561494265815, -7.93534195667243], [-34.9561469146646, -7.93537242042587], [-34.9561445485018, -7.93540110794434], [-34.9561165311442, -7.9354745063973], [-34.9560870489611, -7.93551063603799], [-34.9560290621684, -7.93551733550147], [-34.9559761288576, -7.93550216036615], [-34.9559231113487, -7.93546898873773], [-34.9558963702459, -7.93544257881987], [-34.9558829559654, -7.93542933067116], [-34.9558468077766, -7.93541921703501], [-34.9558186140933, -7.93545534060505], [-34.9558163335554, -7.93545803544246], [-34.9557891248942, -7.9354901847073], [-34.9557544302452, -7.9355147706333], [-34.9556951661602, -7.93552404716764], [-34.9556114672534, -7.93554629138446], [-34.955538022118, -7.93555563454612], [-34.9554878621438, -7.93558157869239], [-34.9554752552631, -7.93564205095337], [-34.9554960110943, -7.93566894647824], [-34.955568119107, -7.93564932696053], [-34.9556557948286, -7.93565020045295], [-34.9557434532158, -7.93564721733958], [-34.9557512791707, -7.93566646118706], [-34.9557528178141, -7.93571915543092], [-34.9557351514013, -7.93580021765954], [-34.9557031380163, -7.93584664272907], [-34.9556747558727, -7.93584291946096], [-34.9556359506747, -7.93581610878283], [-34.9556099529074, -7.93577124192576], [-34.9555635144428, -7.93576631885931], [-34.9555211569914, -7.93580636475241], [-34.955491644342, -7.93583606763367], [-34.9554516885938, -7.93583882652385], [-34.9554129988721, -7.93583643723491], [-34.9553819527808, -7.93581473138683], [-34.9553432144459, -7.93580205967528], [-34.9552749737822, -7.93582166098945], [-34.9552221446409, -7.93582833611706], [-34.9551537286538, -7.93581066251941], [-34.9550684424729, -7.93576993086783], [-34.9549752930188, -7.93570224306328], [-34.9548796497813, -7.93565256203013], [-34.9548222222042, -7.93561893091416], [-34.9548214633295, -7.93561684431926], [-34.954741321884, -7.93557351729935], [-34.9546767308111, -7.93554682764457], [-34.9546174432652, -7.93555096191391], [-34.9545441125725, -7.93558472724057], [-34.9545159005206, -7.9356169941667], [-34.9544991455841, -7.93563155843875], [-34.9544988897412, -7.935631531615], [-34.9544761096749, -7.93565445770775], [-34.9544363188177, -7.93569192034268], [-34.9543913762963, -7.93573069363399], [-34.9543696712303, -7.93577578466003], [-34.9543416049294, -7.93583890065335], [-34.9542980307764, -7.93589437704539], [-34.9542402208834, -7.93593835118556], [-34.9541952479494, -7.93597069772619], [-34.9541488589323, -7.93597605692163], [-34.9541192055552, -7.93597619618862], [-34.9540742811891, -7.93601882514254], [-34.9540294670393, -7.93608459089822], [-34.9539729759849, -7.93613498660776], [-34.9539201883438, -7.93615065848403], [-34.9538814621336, -7.9361405576913], [-34.9538283708586, -7.93609196214312], [-34.9537752076332, -7.93602794203927], [-34.9537477444934, -7.93594580615373], [-34.9537216913366, -7.93588937118072], [-34.9536853315024, -7.93583427015545], [-34.9536207829117, -7.93581657722699], [-34.9535357700202, -7.93583368681208], [-34.9534585292451, -7.93585847143225], [-34.9533902346765, -7.93586650449986], [-34.9533360179648, -7.93585261969478], [-34.9532958080875, -7.93580139337027], [-34.9532850807083, -7.93571403663139], [-34.9532780334575, -7.93558681574054], [-34.953295458466, -7.93545433864321], [-34.9532972466299, -7.93538962473226], [-34.9532962920247, -7.93538890959013], [-34.9532964383116, -7.93538877962439], [-34.9532999900445, -7.93532192207056], [-34.953277696037, -7.93524233206564], [-34.9532516985454, -7.93519746589298], [-34.9532129533123, -7.93518350842735], [-34.9531743243127, -7.93519397240027], [-34.9531396051973, -7.93521341692561], [-34.9531061097663, -7.9352463929404], [-34.9530805716448, -7.93527153598797], [-34.953040798872, -7.93531285600501], [-34.9529971759917, -7.93535804895686], [-34.9529586440798, -7.93538907958371], [-34.9529291727992, -7.93542777922611], [-34.9528881591134, -7.935479387718], [-34.9528470604482, -7.93551300059801], [-34.9528111368172, -7.93555044586394], [-34.952773972294, -7.93559817961096], [-34.9527264576828, -7.93563824948222], [-34.9526826466106, -7.93564359731554], [-34.9526425885327, -7.93562450372921], [-34.9525908536326, -7.93559004094216], [-34.9525144167889, -7.9355119904893], [-34.9524483603874, -7.93544803155024], [-34.9523992347301, -7.93541998337653], [-34.9523734496655, -7.93542010435933], [-34.9523401351898, -7.93546396333651], [-34.9522992791652, -7.93554899105655], [-34.9522699534222, -7.93561853978113], [-34.9522329526419, -7.93570097919931], [-34.952193270737, -7.93576157850437], [-34.9521586000494, -7.93579130540518], [-34.9520878660832, -7.93582891394551], [-34.952036349586, -7.93584072385389], [-34.9519705176335, -7.93582432223211], [-34.951904644129, -7.93579892368837], [-34.9518759768467, -7.93573478834957], [-34.9518471215278, -7.93563080698079], [-34.9518338043656, -7.9355408920637], [-34.9518491388198, -7.93523875261744], [-34.9518662003717, -7.9350291535751], [-34.9518564413065, -7.93487366658451], [-34.951864884147, -7.93475022958083], [-34.9518399024128, -7.93464751467713], [-34.9518058055132, -7.93452556274787], [-34.951778409616, -7.93445756473369], [-34.95172387258, -7.93437555556276], [-34.9516485669929, -7.9342640795268], [-34.9516196815997, -7.93415367134611], [-34.9516320647022, -7.93404563985282], [-34.9516456341493, -7.93391575190445], [-34.9516336551157, -7.93383611334265], [-34.9515948199889, -7.9338028754248], [-34.9515239225252, -7.93380577898561], [-34.9513951655877, -7.93384237294558], [-34.9512330274051, -7.93390868853377], [-34.9511659739448, -7.93390643177767], [-34.9511025999393, -7.93386431173755], [-34.9510818080812, -7.93382970271176], [-34.9510378880112, -7.93381191347822], [-34.9509629221838, -7.9337724179655], [-34.9509150013756, -7.93372636786466], [-34.9508875450851, -7.93364551713806], [-34.9508614206655, -7.93357365727546], [-34.9508070163812, -7.93351992599124], [-34.9507189408531, -7.93343421712429], [-34.9506888936492, -7.93335080739271], [-34.950642019936, -7.93325333716096], [-34.9505888203083, -7.93318160415078], [-34.9505742990349, -7.93310969077725], [-34.9506139516569, -7.93304266396059], [-34.9506521987892, -7.93295122170346], [-34.9507147180851, -7.93281210630127], [-34.9507671843422, -7.93272830986258], [-34.9507940344524, -7.93268062463489], [-34.9508415975176, -7.9326508374608], [-34.950894287073, -7.93261459936048], [-34.950923716016, -7.93256690204307], [-34.9509325107852, -7.93251801587409], [-34.9509129175513, -7.93246412051336], [-34.9508675688235, -7.93241677365652], [-34.9508196704065, -7.93238331501473], [-34.9508162417783, -7.93238253371018], [-34.9507821927296, -7.93235676058424], [-34.9507408819894, -7.93234538594606], [-34.9506983727183, -7.93235329670547], [-34.9506955389706, -7.93235502135285], [-34.9506302361052, -7.93239474940354], [-34.9505350545293, -7.93244275481499], [-34.9504397708261, -7.93246890887521], [-34.9503624757746, -7.93248212483673], [-34.950290276929, -7.93248246311201], [-34.9502166865638, -7.93246095607826], [-34.9501017482001, -7.93242036204096], [-34.9500021963546, -7.9323617007519], [-34.9498764416652, -7.93221446932838], [-34.9497687968828, -7.93208000682293], [-34.9497272196798, -7.93201207587322], [-34.9496570909992, -7.9319044307669], [-34.9495883305153, -7.93181348971667], [-34.9495388784435, -7.93171603132562], [-34.9495074756285, -7.93161848840099], [-34.9494477524132, -7.93153007610952], [-34.9493896386694, -7.93150978196677], [-34.9493304474298, -7.93153448117283], [-34.9492997540249, -7.93158732657115], [-34.9492716022224, -7.93163244670106], [-34.9491815661615, -7.93167785748826], [-34.9490774381182, -7.93174261494607], [-34.9490360305759, -7.93171067339146], [-34.9489907254037, -7.93167232407953], [-34.9489119109097, -7.93163670185272], [-34.9488369759047, -7.93160363256995], [-34.948786550282, -7.93157301875971], [-34.9487294717331, -7.9314987333166], [-34.948687925022, -7.93143722896822], [-34.9486889048361, -7.93137166887357], [-34.948671521589, -7.93123935456359], [-34.9486736334664, -7.93114036908544], [-34.9486886265728, -7.93103875219262], [-34.9486763517343, -7.93089613128226], [-34.9486824590001, -7.9308241202829], [-34.9487051332707, -7.93071089919348], [-34.9487176504313, -7.93063114663216], [-34.9486954787653, -7.93057726314059], [-34.9486473528325, -7.93048751081291], [-34.9486393085476, -7.93042199294835], [-34.9485927192961, -7.93038493511992], [-34.9485808621325, -7.93033100334348], [-34.9485803598375, -7.93022431852912], [-34.9485775389247, -7.93017291558639], [-34.9485668804236, -7.93009969748246], [-34.9485382444752, -7.93004198934327], [-34.9484981386888, -7.93001261271443], [-34.948449637591, -7.92999935302568], [-34.9483548435402, -7.92997343624397], [-34.9481484294024, -7.92994612328391], [-34.9481397451538, -7.92994632393146], [-34.9481196155291, -7.92994287964957], [-34.948055597746, -7.92994527203674], [-34.947987333146, -7.92995973077775], [-34.9479076358552, -7.93001023421647], [-34.9478897672534, -7.93004887925263], [-34.9478914135944, -7.93012470978353], [-34.9478891795776, -7.93019798824641], [-34.9478843797224, -7.9302738489333], [-34.9478590425758, -7.93036908642061], [-34.9478478198094, -7.93045011940542], [-34.9478417244816, -7.9305247005917], [-34.9478199643071, -7.93055822339525], [-34.9477864861873, -7.93056737713964], [-34.9477465316143, -7.93057013517488], [-34.947698841408, -7.93057292939313], [-34.947643397418, -7.93057190318913], [-34.947609851844, -7.93056691785662], [-34.9475827050012, -7.93055162080225], [-34.9475180484431, -7.93051078975401], [-34.9474534532952, -7.93048281403168], [-34.9474172693054, -7.93046498720342], [-34.9473205017898, -7.93045001484621], [-34.9472546051383, -7.93041947404886], [-34.9472300604385, -7.93040930523947], [-34.9471807723845, -7.93034655129925], [-34.9471288398878, -7.93026967033237], [-34.947076864175, -7.93018379151981], [-34.9470429748688, -7.9301055415002], [-34.9470129408381, -7.93002470141743], [-34.9469802986577, -7.92993744751783], [-34.9469698451203, -7.92990793206342], [-34.9469448813011, -7.92988923454586], [-34.9469439454315, -7.92988363017834], [-34.9469219131076, -7.92985931111258], [-34.9468793132248, -7.92984794203229], [-34.946822585933, -7.92984820725845], [-34.9467774978912, -7.92985612963114], [-34.9467233978058, -7.92986666616266], [-34.946668074791, -7.9298913468885], [-34.9466400095071, -7.92991308043869], [-34.9466348239671, -7.92991354495478], [-34.9465806649411, -7.92994702841796], [-34.9465241915214, -7.93000127884779], [-34.9464844243605, -7.9300438829147], [-34.9464345422028, -7.93012895243131], [-34.9463781715037, -7.93020505423739], [-34.946292245299, -7.93030186049856], [-34.9462318793472, -7.93035098775348], [-34.946138078426, -7.93041826736385], [-34.9460662363603, -7.93049444146369], [-34.946023944653, -7.93054862557282], [-34.9459794185955, -7.93067608821386], [-34.9459450982203, -7.93078036572154], [-34.9459234224731, -7.93083188325069], [-34.9459093442626, -7.93085380092069], [-34.9458734624629, -7.93090024259001], [-34.9458246942566, -7.93094803004824], [-34.945759147187, -7.93099204013214], [-34.9457115535586, -7.93101539999563], [-34.9456523378633, -7.9310349574763], [-34.9456046535712, -7.93103903610255], [-34.945531129088, -7.93103166720679], [-34.945467882855, -7.93101653869293], [-34.9453761761926, -7.93098097593481], [-34.9453296242255, -7.9309516290897], [-34.9452624018768, -7.93091338167412], [-34.9452029082342, -7.93087381166724], [-34.9451679774353, -7.93084826719583], [-34.9451343239817, -7.9308201456242], [-34.9451019590515, -7.93079201802899], [-34.945047296924, -7.93068301488757], [-34.9449847662832, -7.93054576878283], [-34.9449430449883, -7.93044698786841], [-34.9449054085437, -7.93039446276216], [-34.9448523319317, -7.93034843578521], [-34.944810948036, -7.93032163584487], [-34.9447424243257, -7.93028082325765], [-34.9446803226848, -7.9302348393071], [-34.9446673577786, -7.93021947489075], [-34.9445841147472, -7.93006433021548], [-34.9445669313115, -7.92997443268197], [-34.9445408807495, -7.92991799671934], [-34.944503316874, -7.92988089527896], [-34.9444774837252, -7.92987073320397], [-34.9444362750165, -7.92988120834805], [-34.9443963324865, -7.92988653712444], [-34.944342117531, -7.92987265087572], [-34.9442672434248, -7.92985243416137], [-34.9441691210616, -7.92982332792714], [-34.9440697464152, -7.92980193999996], [-34.9439755095447, -7.92977667226914], [-34.9438413120263, -7.92975287572047], [-34.9437987664903, -7.92975307432819], [-34.9436982464, -7.9297625416049], [-34.9436416276627, -7.92978594335429], [-34.9435825335834, -7.92983120764906], [-34.9435415611388, -7.92989181233408], [-34.9435083484693, -7.92995752306147], [-34.9434917869457, -7.93000001860159], [-34.9434673268139, -7.93000784525745], [-34.9434286133022, -7.93000031345811], [-34.9433795128752, -7.92997740515298], [-34.9432993914362, -7.92993793197429], [-34.9432412659563, -7.92991506576879], [-34.9431793153587, -7.9299012154608], [-34.9431354631711, -7.92989756430852], [-34.9430542695709, -7.92990437012071], [-34.9430092727748, -7.9299315733583], [-34.9429836800932, -7.92997282546621], [-34.9429415086271, -7.93005271739241], [-34.9429135069438, -7.93012997206778], [-34.9428853483691, -7.93017380727935], [-34.9428637023806, -7.93023175061632], [-34.9428550100844, -7.93030248826655], [-34.9428668605044, -7.93035513484941], [-34.9429110153671, -7.9304230547693], [-34.9429369752649, -7.93046021052394], [-34.9429617190589, -7.93051279602989], [-34.9429644720084, -7.93055006007516], [-34.9429316845634, -7.93062718159261], [-34.9429348577202, -7.93069542654013], [-34.9429782223728, -7.93081752199546], [-34.9429928063425, -7.93088571278419], [-34.9429932069368, -7.93097103470064], [-34.9429936475962, -7.93106488889871], [-34.9429826240386, -7.93114741997367], [-34.9429488456322, -7.93124427892964], [-34.9429148936161, -7.93130416375903], [-34.9428808623831, -7.93134698492278], [-34.9428211291922, -7.93138423681113], [-34.9427500261408, -7.93143007512521], [-34.942676030307, -7.93146739355511], [-34.9425620698883, -7.93149921104577], [-34.9424907522604, -7.9314995438147], [-34.9424022659036, -7.93148858004726], [-34.9423221774722, -7.931443448095], [-34.9422334908901, -7.93138982285921], [-34.9421359659095, -7.93127651242254], [-34.9420384133833, -7.93115751376261], [-34.9420067142303, -7.93108940274072], [-34.9419427803077, -7.93083941685801], [-34.9418793011382, -7.93068613020176], [-34.9418386694028, -7.93053842438075], [-34.9417723910186, -7.93039652737436], [-34.9417378116966, -7.93032274051637], [-34.9417131388377, -7.93028794728238], [-34.9417130366187, -7.93028800019428], [-34.9416860503973, -7.93023481388824], [-34.9416431265013, -7.93020657246551], [-34.9416002960077, -7.93019823971214], [-34.9415517743682, -7.93019277765023], [-34.941466247706, -7.93020455308113], [-34.9414124066572, -7.93028159641627], [-34.9413898652296, -7.93034142795349], [-34.9413816148841, -7.93040688117514], [-34.94138186664, -7.93046055016792], [-34.9413660527808, -7.93046878933294], [-34.9413416548797, -7.9305985428626], [-34.9413425176948, -7.93078247438436], [-34.9413548031862, -7.93094336160341], [-34.9412923830469, -7.9311563281327], [-34.9412352967086, -7.93127730201976], [-34.941149330116, -7.93138691459318], [-34.940919070161, -7.93146271197906], [-34.9405443550303, -7.93147020676842], [-34.9403536161893, -7.9313676320032], [-34.940076505378, -7.93128845158812], [-34.9399782803417, -7.93124292538443], [-34.9399532713415, -7.9312538309275], [-34.9399089608098, -7.93127315276602], [-34.9398653523084, -7.93130179757537], [-34.9398541975409, -7.9313137252356], [-34.9398350748182, -7.93133417187915], [-34.9397726272108, -7.93140082601211], [-34.9397215006389, -7.93144846661684], [-34.9396703482989, -7.93149041901472], [-34.9396058915814, -7.93153432920067], [-34.9395527390502, -7.93155543432389], [-34.93951677387, -7.93159162762995], [-34.9394846392615, -7.93163349141253], [-34.9394780449889, -7.93162631861093], [-34.9394771513969, -7.93162874835778], [-34.9394589625743, -7.93166775453857], [-34.9394271348147, -7.93173658851429], [-34.9393884504704, -7.93181232255033], [-34.9393703152893, -7.93186277654996], [-34.9393291301875, -7.9318950208383], [-34.9392696167455, -7.93193650950373], [-34.9392376503604, -7.93197558076819], [-34.9391989114074, -7.93203986698375], [-34.9391922694246, -7.93209255741903], [-34.9391856158029, -7.93214295793307], [-34.9391720304842, -7.93218423173902], [-34.9391446881732, -7.93223014958091], [-34.9390989218427, -7.93226470607938], [-34.9390140829865, -7.93229257464965], [-34.9389291484701, -7.93229983929172], [-34.9388534854082, -7.93232537602217], [-34.9388054758117, -7.9323713901131], [-34.9387459836976, -7.93241745768035], [-34.9386726594639, -7.93245214158947], [-34.9386176314171, -7.93247071406211], [-34.9385856649293, -7.93250978530033], [-34.9385080374567, -7.93260630593606], [-34.93845785964, -7.93267980439457], [-34.9384191643256, -7.93275324937886], [-34.9383871539835, -7.93278316181276], [-34.9383528896747, -7.93282224283989], [-34.9383002442327, -7.93285912038758], [-34.9382659379172, -7.93288904441159], [-34.938236255693, -7.93292581502403], [-34.9381838247316, -7.93300848115624], [-34.9381267687473, -7.93308430069953], [-34.9380467914904, -7.93316938597024], [-34.9379827063357, -7.93321547395592], [-34.9379139854393, -7.93325242632221], [-34.937845328873, -7.93330311553188], [-34.9377697298698, -7.93334238897688], [-34.9377032307369, -7.93336330474786], [-34.9376297668261, -7.93336822580247], [-34.9375539104414, -7.93335255179912], [-34.9374596183916, -7.93332322734638], [-34.9373606691876, -7.93328018739113], [-34.9372707984566, -7.93321420898876], [-34.937167117097, -7.93314142761351], [-34.93709115265, -7.93310285875196], [-34.9370359859599, -7.93309166830697], [-34.9369761183415, -7.93305760446596], [-34.9369276787658, -7.93301203935022], [-34.9368629941566, -7.93292991739345], [-34.9368237188365, -7.93287973056253], [-34.9367973927084, -7.93281193932527], [-34.9367969376147, -7.93281215841669], [-34.9367797332215, -7.9327393831524], [-34.9367548227304, -7.93264197561574], [-34.936732939562, -7.93253845792652], [-34.9367108861401, -7.93239837007205], [-34.9366857332065, -7.93224915389386], [-34.9366635790812, -7.93208773253541], [-34.9366260423388, -7.93190504967446], [-34.9365920036355, -7.93181682730769], [-34.9365334397041, -7.93171348021683], [-34.9364443084036, -7.93161027619831], [-34.9363707032809, -7.93155880879653], [-34.9362666582086, -7.93153491208054], [-34.9361993662316, -7.93152608230779], [-34.9361199756217, -7.93154473701488], [-34.9360070597482, -7.93158488068032], [-34.9359185844343, -7.93162186399052], [-34.9358057825671, -7.93168638863336], [-34.9356809390196, -7.93179058870508], [-34.9356202451734, -7.93188534683756], [-34.9355353539429, -7.93203507484493], [-34.9354989857085, -7.9321022916367], [-34.9354811156633, -7.93220294672336], [-34.9354660600174, -7.93225177893392], [-34.935442075559, -7.93235246154668], [-34.9354392469006, -7.93240123690878], [-34.9354091641035, -7.93250499636283], [-34.9353850094737, -7.93256910878864], [-34.9353152155946, -7.93267914713618], [-34.9352758056989, -7.93274942565213], [-34.9352271533566, -7.93280450922777], [-34.9351814009569, -7.93282605591613], [-34.9351019102385, -7.93282337698366], [-34.9350285472794, -7.93282371803576], [-34.9349704538261, -7.93282094051087], [-34.9349154598852, -7.93282729222132], [-34.9348849351163, -7.93283657686145], [-34.9347752037391, -7.93290413464723], [-34.9346998233211, -7.93294543437425], [-34.9346056307724, -7.93298021466341], [-34.9344858738261, -7.93299271658742], [-34.934413951235, -7.93298558512367], [-34.934350888267, -7.93295153569948], [-34.9343222650712, -7.93291583271382], [-34.9343024395857, -7.93283977322587], [-34.9342603380338, -7.93280413286642], [-34.9342453049138, -7.93279225738878], [-34.9342449768301, -7.93272207950725], [-34.934223800869, -7.93267738267569], [-34.9341817472986, -7.9326521948129], [-34.9341353053355, -7.93264942359612], [-34.9340485739434, -7.93267819687031], [-34.93395140721, -7.93271747134743], [-34.9338752288508, -7.93276112700649], [-34.9338109410279, -7.93278531635384], [-34.9337616505062, -7.9328139156351], [-34.9337244468434, -7.93286485593128], [-34.9337127167945, -7.9329186648986], [-34.9336966402002, -7.93300385045847], [-34.9336879889857, -7.93307556267858], [-34.9336763008016, -7.93313832977806], [-34.9336585447544, -7.93318470101793], [-34.9336361918299, -7.93320869553846], [-34.9335973575305, -7.93323127311713], [-34.9335344690121, -7.93323455137205], [-34.9334820437594, -7.93323330230188], [-34.9334294998751, -7.93320666868558], [-34.9333515312051, -7.93318761978665], [-34.9332510970451, -7.93316867521668], [-34.9331864462995, -7.93311522100342], [-34.93312638544, -7.93308265093789], [-34.9330679699981, -7.93308142872685], [-34.9329932127113, -7.93310865270201], [-34.9328916712153, -7.93317333058487], [-34.9327784064855, -7.93329331089682], [-34.9326844377155, -7.93337587114753], [-34.9326144306193, -7.933458321029], [-34.9325264798818, -7.9335468264411], [-34.9324148175643, -7.93368919554264], [-34.9323016153263, -7.93382261344855], [-34.9322107739579, -7.93393353033947], [-34.9321524760188, -7.9339576916861], [-34.932077704541, -7.93398192950176], [-34.9320359786536, -7.93402691848915], [-34.9320324555075, -7.93404861782718], [-34.9320300365658, -7.93404656960707], [-34.9320169066001, -7.93411211707332], [-34.9319800085383, -7.93422875574349], [-34.9319282037555, -7.93436039597935], [-34.9318910624965, -7.93442477476205], [-34.9317804296565, -7.9344670965925], [-34.9316935651476, -7.93446749979729], [-34.9315960630019, -7.93443510331843], [-34.9315194796314, -7.93439215607283], [-34.9314757336444, -7.93432516660849], [-34.9314321340772, -7.93428953289532], [-34.9313842287253, -7.9342942348386], [-34.9313319915006, -7.93433329943229], [-34.9312350061575, -7.93441139475767], [-34.9311469712488, -7.9344819818978], [-34.9310183248808, -7.93451542879717], [-34.9308896506055, -7.93454290356484], [-34.93075643439, -7.93455994571191], [-34.9306384176338, -7.93462469964313], [-34.9305218221924, -7.93467302287833], [-34.9303961638146, -7.93470496224043], [-34.9303003059684, -7.93470391337398], [-34.9302838247771, -7.93469924892384], [-34.9302739191714, -7.93470204140783], [-34.9301998922882, -7.9346894476499], [-34.9301480748482, -7.93467451422181], [-34.93012340649, -7.93466740428078], [-34.9300065740656, -7.9346649600186], [-34.9298807623548, -7.93466405087347], [-34.9297789063885, -7.93466153619035], [-34.9296065766657, -7.93464143066144], [-34.9295272420389, -7.93465075775848], [-34.9294045298816, -7.93467223132004], [-34.9292923785736, -7.93471008088127], [-34.9291936160833, -7.93472845633507], [-34.9289796504747, -7.93477275003307], [-34.9288405760254, -7.93481819002802], [-34.9287032075122, -7.93490841744536], [-34.9285300897197, -7.93504061885893], [-34.9284047163594, -7.9351337767364], [-34.9283496367061, -7.93520570422052], [-34.9283440423584, -7.93529084127047], [-34.9283447663567, -7.93544612867468], [-34.9283344570115, -7.93548350517689], [-34.9282777331083, -7.93552408379061], [-34.9281745259207, -7.93555293242264], [-34.9280890467353, -7.93552943775851], [-34.9279840074116, -7.93548662258086], [-34.9278564476438, -7.93543196633225], [-34.9277694217538, -7.93539802598773], [-34.9277094173331, -7.93537739933208], [-34.9276329383857, -7.93535684988736], [-34.9275638294005, -7.93531088111434], [-34.9274989491531, -7.93520815286504], [-34.9274477431704, -7.93514716963797], [-34.9273714103781, -7.93515797506083], [-34.9273072050859, -7.93520008171729], [-34.9272058428189, -7.93530357996792], [-34.9271222443496, -7.93536220143432], [-34.9270115896208, -7.93540004354083], [-34.9269456506146, -7.9353913896315], [-34.9268855209968, -7.93534388654004], [-34.9268342654677, -7.93527245157803], [-34.9267591454416, -7.93522203084822], [-34.9266797270451, -7.93521343930107], [-34.9265989566928, -7.93523621142506], [-34.9265182002325, -7.93526196868747], [-34.9264446260302, -7.93522199441691], [-34.926391956925, -7.93516848355079], [-34.9263090279116, -7.93504941357241], [-34.9262106574603, -7.93483037139681], [-34.9261726381592, -7.9347066138553], [-34.9261635152986, -7.93467595951463], [-34.9261603817874, -7.93467526975266], [-34.9261555378724, -7.9345723076069], [-34.9261234611023, -7.93443806976552], [-34.9260916624645, -7.93436355847946], [-34.92601665997, -7.93433852130178], [-34.9258894761004, -7.93436449417562], [-34.9257938405391, -7.93441122478448], [-34.925629574991, -7.93451501468192], [-34.9255669162079, -7.93456756581255], [-34.9254223951886, -7.9346471619577], [-34.9254220098773, -7.93464737438728], [-34.9252993398184, -7.93467780495898], [-34.9252155177973, -7.93468864553095], [-34.9250463714807, -7.93470883915882], [-34.9248817095056, -7.93472751846602], [-34.9247407958289, -7.93469980069857], [-34.9246070925187, -7.9346123207286], [-34.9244780352309, -7.93455767019766], [-34.9244615060296, -7.93454580123412], [-34.924398234853, -7.93446695564848], [-34.9242990690499, -7.93439872790687], [-34.9242299396543, -7.93434827981235], [-34.9241595622945, -7.93435159133103], [-34.9241368752702, -7.93430391461314], [-34.9241348216326, -7.93418447008157], [-34.9241328244681, -7.93407696978668], [-34.9241190325423, -7.93400984077207], [-34.9240631117852, -7.93390109715671], [-34.9240059291647, -7.93384312800355], [-34.9239276261456, -7.93375240547844], [-34.9238628650494, -7.93367506015808], [-34.9237727195926, -7.93361425629339], [-34.9237287957355, -7.93355946506249], [-34.9237154754694, -7.93354284844435], [-34.923646443487, -7.93351330353338], [-34.9236165322363, -7.93352007580178], [-34.9236147438181, -7.93351944850983], [-34.9236120450758, -7.93352391530928], [-34.92357171891, -7.93354799249611], [-34.9235315871278, -7.93361387725441], [-34.9234943819396, -7.93366481785742], [-34.9234301693597, -7.93370543047431], [-34.9233630023896, -7.93375501511498], [-34.9232989563855, -7.93383146317352], [-34.9232215082246, -7.93392439820903], [-34.9231635287699, -7.93401724327549], [-34.9231713502247, -7.93408887958897], [-34.9231867719233, -7.93418437250273], [-34.923112054119, -7.93422055399911], [-34.9230088257414, -7.93424492181348], [-34.9229623486658, -7.9342346837659], [-34.9229334656622, -7.93426213354365], [-34.9228818279801, -7.93431120791563], [-34.9228655764567, -7.93435906555242], [-34.9228568646801, -7.93439982218069], [-34.9228543456822, -7.9344014077966], [-34.9228290220469, -7.9345100451516], [-34.922771759684, -7.93467642625217], [-34.9227028909101, -7.93476260169666], [-34.92260213577, -7.93483585980751], [-34.9225948817343, -7.93488628862456], [-34.9226236138846, -7.93502614132467], [-34.922622045009, -7.93509147451081], [-34.9225829566638, -7.93514018351369], [-34.9225232056852, -7.93517405643683], [-34.9224389698555, -7.93517631249347], [-34.922360341101, -7.93517667573595], [-34.9222479456834, -7.93516226249819], [-34.9221636057537, -7.93514212076045], [-34.9221186578165, -7.93513859549233], [-34.922087022986, -7.93517980426317], [-34.92205727802, -7.93522473718994], [-34.9220125468994, -7.93526787243988], [-34.921962060337, -7.93528117117986], [-34.9218796449407, -7.93527221915739], [-34.9217465955457, -7.9352448365249], [-34.9216547586446, -7.93522286331288], [-34.9215402999101, -7.93516739765033], [-34.9214070597993, -7.93509895311031], [-34.9213152316002, -7.93507884576293], [-34.9212103504716, -7.9350699973196], [-34.9210850581555, -7.93510043975883], [-34.920976744934, -7.93515880089967], [-34.9208983414812, -7.93520769037565], [-34.9208631617262, -7.93529184502153], [-34.92079256814, -7.93540975823242], [-34.9207442400477, -7.93548464089555], [-34.920703226877, -7.93552215909547], [-34.9206620759336, -7.93552981572126], [-34.9206207420625, -7.93549827559236], [-34.9205868098265, -7.93544803775384], [-34.9205642496115, -7.93542761053752], [-34.9205380310155, -7.93542586555461], [-34.9205137716064, -7.93544277507], [-34.9204933690117, -7.93548393192108], [-34.9204674806436, -7.93555311121262], [-34.92045659486, -7.93562782014539], [-34.9204473987035, -7.93566332639374], [-34.9204213014153, -7.93568771016905], [-34.9203912615609, -7.93566918436172], [-34.9203422487401, -7.9355966178572], [-34.9203008282256, -7.93554641454767], [-34.9202783633373, -7.9355465182198], [-34.9202541818992, -7.93558022582059], [-34.9202600749735, -7.93563992667031], [-34.9202509490261, -7.93569036324947], [-34.920234264547, -7.93572590315085], [-34.9201801636549, -7.93576721550674], [-34.9201354938099, -7.93582341589752], [-34.920098250692, -7.93586651644762], [-34.9200384300146, -7.93588545784533], [-34.9199766068259, -7.93587641044204], [-34.9199259476855, -7.93585237995454], [-34.9199051031354, -7.93579834876921], [-34.9198879074329, -7.93572376849155], [-34.9198596092528, -7.9356772374729], [-34.9198352544957, -7.9356736169517], [-34.9198072248969, -7.93568494494676], [-34.9197886514264, -7.93571676066377], [-34.9197869868265, -7.93576156393734], [-34.9197684046867, -7.93579151279708], [-34.9197309969229, -7.93579915207074], [-34.9196617807355, -7.9358106700774], [-34.9196281526719, -7.93582575678319], [-34.9195815659808, -7.93587263329655], [-34.9195535536882, -7.93588769499469], [-34.9195010393535, -7.93586740589979], [-34.9194728364792, -7.93584140485841], [-34.9194574440837, -7.93575188556459], [-34.9194231654575, -7.93562698956176], [-34.9193759993281, -7.93554881459419], [-34.9193253133615, -7.93551918525354], [-34.9192598855553, -7.93554001839282], [-34.919202083706, -7.93559067948711], [-34.9191481568149, -7.93566932075183], [-34.9190981030555, -7.93577594039059], [-34.9190649244044, -7.93588808199009], [-34.9190560667879, -7.93599637852703], [-34.919058328144, -7.93608035952975], [-34.919086808169, -7.93616608650229], [-34.919109585813, -7.93623317440683], [-34.9191137024026, -7.93631341395628], [-34.9190933862407, -7.93637323484178], [-34.919065668372, -7.93645175523231], [-34.919028650268, -7.93654338319042], [-34.9190025970492, -7.93657710029187], [-34.9189651978415, -7.93658660456694], [-34.9189277206881, -7.93657931163446], [-34.9188826175514, -7.93654218982509], [-34.9187852589129, -7.93654077284031], [-34.9186878829466, -7.93653562211544], [-34.9186561956818, -7.93656563229033], [-34.9186039670269, -7.93660693586818], [-34.9185534714412, -7.93661836740005], [-34.9184674846964, -7.93664676105298], [-34.9184262893464, -7.93664508410767], [-34.9183754560768, -7.93658372529931], [-34.9183808736301, -7.93654077068704], [-34.9184182209065, -7.93652006711713], [-34.9184648155698, -7.93647505754962], [-34.9184738993519, -7.93641528846506], [-34.9184548572846, -7.93634631638126], [-34.9184340830357, -7.93630721543012], [-34.9183983216913, -7.93626631848762], [-34.9183436413391, -7.93618257913352], [-34.9183000895932, -7.93607639019246], [-34.9182696506279, -7.93597200768736], [-34.9181881976765, -7.93576707040223], [-34.9180922183213, -7.93565925710346], [-34.9179832552051, -7.93557763478309], [-34.9178538373073, -7.93552596985889], [-34.9176776853896, -7.93548945184548], [-34.9175109211904, -7.93545849028598], [-34.9173498160363, -7.93543683436632], [-34.9171043449535, -7.93538943770089], [-34.9170686712254, -7.93536720376823], [-34.9170347047637, -7.93530949989999], [-34.9170287161, -7.93522926885418], [-34.9170486951923, -7.93509665672167], [-34.9170550416259, -7.93485025178356], [-34.9170490452409, -7.93476815387095], [-34.9170282097688, -7.93471598839254], [-34.916992544762, -7.93469562129844], [-34.9169588897766, -7.93470510902111], [-34.9168880268437, -7.93476516269274], [-34.9167966562033, -7.93484397620713], [-34.9167166486142, -7.93495073365079], [-34.9167056150909, -7.93499371414658], [-34.9167096879027, -7.93506462134227], [-34.9166932885174, -7.93516175401814], [-34.916659928455, -7.9352347005296], [-34.9166225725026, -7.93525353707518], [-34.9165869161054, -7.93523503681402], [-34.9165492660999, -7.93519041454298], [-34.9164891165942, -7.93513843009248], [-34.9164570314037, -7.93508258348605], [-34.916456832499, -7.93503965471977], [-34.9164846892478, -7.93499099875641], [-34.9165087672403, -7.93493489259166], [-34.9165029862502, -7.93489945623373], [-34.9164747749507, -7.93487158897005], [-34.9164353899997, -7.93485333187452], [-34.9164353744438, -7.93485310592908], [-34.9163829035494, -7.93484214886978], [-34.9163043533084, -7.93485930908498], [-34.9162520726383, -7.93488941301487], [-34.916216571922, -7.93490450807977], [-34.9162052088629, -7.93487656321232], [-34.9162161828253, -7.93482051829979], [-34.9162272423479, -7.9347831383899], [-34.9162008508122, -7.93474406312228], [-34.9161652809354, -7.93474422690455], [-34.916103561624, -7.9347575766827], [-34.916073720819, -7.93478197837291], [-34.9160459159015, -7.93484183367903], [-34.9160013223627, -7.9349148318813], [-34.9159641047222, -7.93496353182726], [-34.9158914468477, -7.93504039213468], [-34.9158336627251, -7.9350947856591], [-34.9158209121834, -7.93517137015177], [-34.9157901456662, -7.93526648872468], [-34.9157858436751, -7.93527978749031], [-34.9157747495316, -7.93530970266489], [-34.9157504898708, -7.93532661285145], [-34.9157337381786, -7.93531190483414], [-34.9157297106192, -7.93531514728481], [-34.9157222612844, -7.9352950127122], [-34.9157200256694, -7.93521663030768], [-34.9157192822285, -7.93505611634061], [-34.9156891042438, -7.93500772666803], [-34.9156460105439, -7.93500045924759], [-34.9156011662349, -7.93501933017898], [-34.9155698072472, -7.93512026463464], [-34.9155404417984, -7.93524732111729], [-34.9155146553514, -7.93533889722143], [-34.9154903956749, -7.93535580739573], [-34.9154471126814, -7.93530747802947], [-34.9154096615633, -7.93530578351577], [-34.9153781469418, -7.93537312258675], [-34.9153682537662, -7.93539900731536], [-34.9153467014534, -7.93545539203605], [-34.915309440471, -7.93549475944844], [-34.9152589889498, -7.93551552307003], [-34.9152479293339, -7.93555290388248], [-34.9152557806594, -7.93563125955694], [-34.9152635369195, -7.93568908516796], [-34.9152934306048, -7.93567588196792], [-34.9153326842387, -7.93566263658655], [-34.9153662702179, -7.93563821768621], [-34.9154075078363, -7.93564922656502], [-34.9154544840748, -7.9356863402265], [-34.9154752935111, -7.93573290613464], [-34.9154607395278, -7.935824430536], [-34.9154501034995, -7.93595326680518], [-34.9154692478901, -7.93604463607753], [-34.9155162760538, -7.93609294817977], [-34.9155893750549, -7.93611127705108], [-34.9156698759287, -7.93611090642809], [-34.9157036339149, -7.93612381569868], [-34.9157076979713, -7.93619285698102], [-34.9156781164235, -7.93627325187216], [-34.9156278368513, -7.93633134466291], [-34.9155457582402, -7.93639518274951], [-34.9154484945501, -7.93641429503168], [-34.915369822924, -7.93640532540666], [-34.9152481006569, -7.93639841903304], [-34.9151880807117, -7.93637443100832], [-34.915123969969, -7.93627580288781], [-34.9150506039189, -7.93619961475272], [-34.9150193951897, -7.93616168081651], [-34.9150191686343, -7.93616190878053], [-34.9150091579134, -7.93614381109466], [-34.9149452382917, -7.93608624486226], [-34.914889040342, -7.93607903679216], [-34.9148573777793, -7.93611464642414], [-34.9148614589753, -7.93618741966595], [-34.9148453153532, -7.93624411399822], [-34.9148386015025, -7.9362465117491], [-34.9148392705242, -7.93624725000682], [-34.9148207830205, -7.93629772970656], [-34.9148099653318, -7.9363873709277], [-34.9147971454717, -7.93644902324847], [-34.914759789302, -7.93646786057603], [-34.9146961288849, -7.93646628663821], [-34.914636221278, -7.93646656232371], [-34.9145632863932, -7.93648369645681], [-34.9145109535232, -7.93650260177788], [-34.9144137674667, -7.93653851198859], [-34.9143257953938, -7.93654265056957], [-34.9142357866178, -7.93651133367016], [-34.9141758789881, -7.93651160929098], [-34.9140880105707, -7.93653814476008], [-34.914018837076, -7.9365589944043], [-34.9139479128734, -7.9366059824131], [-34.9138882125337, -7.93665105278333], [-34.9138679560167, -7.93672393893162], [-34.9138421778005, -7.93681738189994], [-34.9138239147451, -7.93691638920155], [-34.9138017433883, -7.9369799514498], [-34.9137682003873, -7.93701370278187], [-34.9137156255405, -7.93698034758781], [-34.9136648446024, -7.93693018651988], [-34.9136179469498, -7.93690987081032], [-34.9135617920506, -7.93691199509498], [-34.9135225123074, -7.93691964246971], [-34.913507698795, -7.93695517364063], [-34.913513600522, -7.9370167398618], [-34.913466746046, -7.93700575664908], [-34.9134274222003, -7.93700407150809], [-34.9133600952054, -7.93701931276742], [-34.9133282519788, -7.93701572630953], [-34.9133079092004, -7.93699081329312], [-34.9133013563087, -7.93699429426346], [-34.913294810913, -7.93696450904616], [-34.9132716941543, -7.93693841450757], [-34.9132224792639, -7.9369517408043], [-34.9132030124125, -7.93700423292681], [-34.9131903080938, -7.93705328018332], [-34.913186874534, -7.93706653426816], [-34.9131872381937, -7.9371451351427], [-34.9131843477347, -7.93723030187193], [-34.9132274768788, -7.93732180604779], [-34.9132343951788, -7.93739710223441], [-34.913195536316, -7.93751846065678], [-34.91312052625, -7.93763670988834], [-34.9129666912382, -7.93775859614], [-34.9128030010103, -7.93788052857522], [-34.9126882681626, -7.93793345783046], [-34.9125865385043, -7.93795685187726], [-34.9125010822509, -7.93794741933448], [-34.9124585742289, -7.93799019104426], [-34.9124393487184, -7.93809508286705], [-34.9124235297442, -7.93822616079244], [-34.9123681387291, -7.93832466889601], [-34.9122765518893, -7.93841024342054], [-34.9122122403024, -7.93850088733556], [-34.9121949573842, -7.93852524740305], [-34.9120804051138, -7.93861747746621], [-34.9120051834147, -7.93868987584538], [-34.9118839249439, -7.93875266038716], [-34.9117527658433, -7.93880566496837], [-34.9117003722173, -7.93884193208234], [-34.9116545938142, -7.93888799422761], [-34.911599081392, -7.93896030197682], [-34.911520377326, -7.93899014000284], [-34.9114645317292, -7.93899039664883], [-34.9113692209745, -7.93898100920424], [-34.911306866137, -7.93899439663014], [-34.911195402031, -7.93904403511794], [-34.9110413084886, -7.93911024578982], [-34.9109298443058, -7.9391598842212], [-34.91089381497, -7.93918297608754], [-34.910877601931, -7.93922890234213], [-34.9108681100824, -7.93930754859285], [-34.9108721523729, -7.93947128620329], [-34.9108955105092, -7.93954978152614], [-34.9109027473603, -7.9396938535679], [-34.9109392006519, -7.93976246417671], [-34.910991957831, -7.93980479808235], [-34.911044821009, -7.9398700578245], [-34.9110944905931, -7.93995498221064], [-34.9112726846639, -7.9401277449126], [-34.9112892459648, -7.94015714512263], [-34.9113026288134, -7.94020948536421], [-34.9112897608458, -7.94026849714695], [-34.9112474039198, -7.94034401898545], [-34.9112048804095, -7.9403835161772], [-34.9111394065627, -7.94043294427874], [-34.9110704656227, -7.94044308653962], [-34.9110079288491, -7.94041717213724], [-34.9109224275195, -7.94039791504941], [-34.9108567567969, -7.94040476679883], [-34.9107387073013, -7.94045116097655], [-34.9106599877353, -7.94047772354007], [-34.9106305886656, -7.94051388493921], [-34.9106308157472, -7.94056301021238], [-34.9106441824996, -7.94061207601933], [-34.9106806510081, -7.94068396111458], [-34.9107137593684, -7.94073948620464], [-34.9107336665991, -7.9407819710543], [-34.9107437337698, -7.94082777656509], [-34.9107405695213, -7.94085399198534], [-34.9107113369841, -7.94092617895389], [-34.9106460143869, -7.94100835719197], [-34.9106067004266, -7.94103146416478], [-34.9105313560468, -7.94107766211202], [-34.9104953719519, -7.94111057831866], [-34.9104792799516, -7.94118270491029], [-34.9105094965919, -7.94132339594487], [-34.9105724877063, -7.94144756184565], [-34.9106418821582, -7.94153567107455], [-34.9106914913894, -7.94160749576447], [-34.9107082798624, -7.94168602125966], [-34.9107317441927, -7.94178744240947], [-34.9107584039707, -7.94186919798454], [-34.9108244223073, -7.94193767178577], [-34.9108607850124, -7.94198663188371], [-34.9109202798708, -7.94206496108366], [-34.9109270466038, -7.94210750719968], [-34.9109012357429, -7.94220915388617], [-34.9108425737719, -7.9423109524608], [-34.9107772671046, -7.94239640613524], [-34.9107710900715, -7.94248158715367], [-34.9107714535273, -7.94256018902323], [-34.9107720895756, -7.9426977404861], [-34.9107365900083, -7.94283545893234], [-34.9106256255181, -7.94299317509463], [-34.9104587987077, -7.94314787251507], [-34.9104578280777, -7.94315819875458], [-34.9104512923451, -7.943161494294], [-34.9103975135637, -7.94316661798917], [-34.9103265933811, -7.94316694388643], [-34.9102704149057, -7.94318183080789], [-34.9102362786389, -7.94320393037522], [-34.9102094568694, -7.94322112067528], [-34.9101850356903, -7.94322854682397], [-34.9101508214268, -7.94323358059286], [-34.9101337476519, -7.94324341125902], [-34.9101142741884, -7.94326300607065], [-34.9100801266331, -7.94328266740035], [-34.9100483805813, -7.9432925654777], [-34.9100288273104, -7.94329509359658], [-34.9099946468453, -7.94330744113554], [-34.9099775392541, -7.94330995801559], [-34.9099458608159, -7.94333448455292], [-34.9099337460133, -7.9433589212071], [-34.9099045799626, -7.94339806497771], [-34.9098802376527, -7.94342255780802], [-34.9098558615332, -7.94343973685584], [-34.9098272965861, -7.94346178729775], [-34.9098187702286, -7.94348232357451], [-34.9098110216933, -7.94349986470577], [-34.9098021842413, -7.94352921891554], [-34.9097958270399, -7.94355289591568], [-34.9097950380546, -7.94355995039283], [-34.9097952035282, -7.94357240321554], [-34.9097955055206, -7.94359516453665], [-34.9097948673751, -7.94361366386416], [-34.9097932171522, -7.94362705170156], [-34.9097909074976, -7.9436480557533], [-34.9097808018872, -7.94368517091377], [-34.9097728156121, -7.94370189585718], [-34.9097669049938, -7.94371428528318], [-34.9097575433406, -7.94372950403384], [-34.9097383850879, -7.94375000869273], [-34.9097158209592, -7.9437731074096], [-34.9097131159706, -7.94377587635014], [-34.9097000101404, -7.94378661545001], [-34.9096869514171, -7.94380087569137], [-34.9096712666389, -7.94381693263347], [-34.9096502529381, -7.94382663492811], [-34.9096415903876, -7.94383124570823], [-34.909631797395, -7.94383770508293], [-34.9096204230885, -7.94384577916089], [-34.9096091072172, -7.94385825579813], [-34.9096022300167, -7.94387243520483], [-34.9095982058285, -7.94388820713614], [-34.9095946675528, -7.94390159189477], [-34.9095949259543, -7.94392100564193], [-34.9095950765775, -7.94393240438676], [-34.9095986871165, -7.94394603385477], [-34.9096043629439, -7.94396662151351], [-34.909607140747, -7.943976270564], [-34.9096098714429, -7.94398239847257], [-34.9096144854115, -7.94399730620785], [-34.9096182161783, -7.94401222613705], [-34.909624654082, -7.94403151204753], [-34.9096283622005, -7.94404467094933], [-34.9096303501113, -7.94406137448108], [-34.9096314199394, -7.94407544867042], [-34.9096316187924, -7.94409041465923], [-34.9096317385196, -7.94409944487857], [-34.9096318289701, -7.94410626116152], [-34.9096299122382, -7.94412634216061], [-34.9096287060895, -7.9441371206167], [-34.9096280095089, -7.94415121829022], [-34.9096255474215, -7.94416533853969], [-34.9096213076041, -7.9441786026639], [-34.9096144417218, -7.94419366168125], [-34.9096057745531, -7.94420610355036], [-34.9096040552512, -7.94420964817627], [-34.9095979905866, -7.94421853322527], [-34.9095901952994, -7.94423008329071], [-34.9095789020641, -7.94424432005259], [-34.9095719193152, -7.94425057575905], [-34.9095579189407, -7.94426044653918], [-34.9095553051066, -7.94426312194146], [-34.9095456500952, -7.94426765229846], [-34.9095281526779, -7.94428020977012], [-34.9095202631689, -7.944284716647], [-34.909468210837, -7.94433889447873], [-34.9094889344761, -7.944353149605], [-34.9094889237405, -7.94435318129685], [-34.9094905482149, -7.94435364485544], [-34.9108139520559, -7.9540548234979], [-34.9108444980956, -7.95411521132706], [-34.9108803406309, -7.95418607103066], [-34.910893612492, -7.95421230844707], [-34.9109543483335, -7.95433271233622], [-34.9110956731095, -7.95464185141846], [-34.911105589644, -7.95466339406122], [-34.9113252011322, -7.9551404779029], [-34.9113355015319, -7.9551628541275], [-34.911508767557, -7.95553678067817], [-34.9118107686441, -7.95649288480144], [-34.9119365982808, -7.95724369924261], [-34.9119483622744, -7.95731924516444], [-34.9119493238393, -7.95732498067312], [-34.9119525694951, -7.95734434535869], [-34.9119623318829, -7.95740850922171], [-34.9119652240127, -7.95742751481173], [-34.9119652455156, -7.95742765393942], [-34.9120036332272, -7.95767416153397], [-34.912136930442, -7.95840505448285], [-34.9122409257537, -7.95897384160587], [-34.9123006954319, -7.95924112098182], [-34.9123808671205, -7.95959796646919], [-34.912486596003, -7.95992480646054], [-34.9124795148376, -7.95996071076726], [-34.9126184193357, -7.96026121046799], [-34.9128268635551, -7.96071214567106], [-34.9131734574739, -7.96130061326635], [-34.913532470736, -7.96173151165356], [-34.9138991264638, -7.96212869772757], [-34.9143662040968, -7.96261047543529], [-34.9146559407516, -7.96291562788898], [-34.9152442877026, -7.96353615748729], [-34.9157795272547, -7.96409841903585], [-34.9170767037462, -7.9654467629815], [-34.9173776041938, -7.96582277411528], [-34.9175893074444, -7.96611215398161], [-34.91800972525, -7.96668066132689], [-34.918530855248, -7.96739534855458], [-34.9190209249295, -7.96807351592387], [-34.9193288943336, -7.96850176235955], [-34.9198722720117, -7.96925447087041], [-34.920022182555, -7.96946150878818], [-34.9201950288466, -7.96969877804258], [-34.9204665068525, -7.97018731607086], [-34.920582264846, -7.97040528204864], [-34.9206863972688, -7.97065409610922], [-34.920848919642, -7.97112114279138], [-34.921126577995, -7.97198799685916], [-34.9213355858645, -7.97264399933879], [-34.9215744390153, -7.97339078390878], [-34.9218162215392, -7.9741346217376], [-34.9218713959721, -7.97429420873837], [-34.9219368603048, -7.97445228247906], [-34.9220349272456, -7.97466153039864], [-34.9222128122632, -7.97495252931962], [-34.9223726487469, -7.97515855757673], [-34.9225869674721, -7.97537606390709], [-34.9228556529474, -7.97558012009226], [-34.9231521438722, -7.9757532508841], [-34.9235737268374, -7.97593753231432], [-34.9240070640605, -7.97611882582542], [-34.9252717355837, -7.97663905985555], [-34.9254500021193, -7.97671189653794], [-34.9257566540704, -7.97685564907892], [-34.9259720000165, -7.97697782938524], [-34.9261668418691, -7.97711916889515], [-34.926289396209, -7.97721685119325], [-34.9266144849686, -7.97752769257597], [-34.9273284668622, -7.97826639263066], [-34.9275500688475, -7.97846773120073], [-34.9279133230734, -7.97876079581498], [-34.9281509696411, -7.97893272966159], [-34.9283648953004, -7.97906517960849], [-34.9285698765779, -7.97917274162425], [-34.9287704872147, -7.979289123099], [-34.9290479848417, -7.97943943528835], [-34.9292911024144, -7.97957265442825], [-34.9295197512101, -7.97970796774594], [-34.9298178833044, -7.97991627976576], [-34.9300348688151, -7.98007364467557], [-34.9302460109923, -7.98023983499294], [-34.930570966343, -7.98052134309459], [-34.9308088558376, -7.98074459991833], [-34.931354071035, -7.98125384517924], [-34.9314546251261, -7.98136482639235], [-34.9315478579424, -7.98148317275653], [-34.9316367477006, -7.98161620500172], [-34.9317050007482, -7.98174053435629], [-34.9317792824194, -7.9818956304909], [-34.9318523076851, -7.98209619214538], [-34.931900386679, -7.98231006950822], [-34.9319232377483, -7.98247713769155], [-34.9319269239097, -7.98263549616075], [-34.9319232000801, -7.98278215816803], [-34.9319091647327, -7.98292593556192], [-34.9318617714855, -7.98317105367331], [-34.931776627108, -7.9835219312703], [-34.9317288745448, -7.98369079554083], [-34.9316754939158, -7.98391394497981], [-34.9316495115149, -7.98401965041099], [-34.9316307324111, -7.9840930608741], [-34.9316050247345, -7.98425742215498], [-34.9315794420099, -7.98444818046198], [-34.931569827366, -7.98459340271015], [-34.9315723940982, -7.98482655647981], [-34.93159534191, -7.9850141544764], [-34.9316465564326, -7.98526907677675], [-34.9317167293602, -7.98548871550497], [-34.931767448693, -7.98563805598186], [-34.9318654198058, -7.9858253034774], [-34.9321024019714, -7.98616734527017], [-34.9324012368941, -7.98652376161754], [-34.9329499982043, -7.98715910007186], [-34.9332531656855, -7.98750077984562], [-34.9340611479838, -7.98844246966091], [-34.9347221565457, -7.98922400776172], [-34.9354042957438, -7.99004718101391], [-34.9356191163853, -7.99032163111537], [-34.9358469316512, -7.99068783702126], [-34.9360156787797, -7.99095832943919], [-34.9361847016263, -7.99128724957902], [-34.9363115427598, -7.99159906901635], [-34.9365190942965, -7.99205779169342], [-34.9367137316731, -7.99249093113703], [-34.9368238067532, -7.99274917581523], [-34.937102317818, -7.99321113538823], [-34.9374056538094, -7.99361037599784], [-34.9377088937435, -7.99398874748206], [-34.9379430525104, -7.99426016027308], [-34.9379627276187, -7.9942805475361], [-34.9379614903166, -7.9942824165974], [-34.9381383461823, -7.99449590760975], [-34.9384248780523, -7.99488270467078], [-34.9385181925135, -7.99499409744672], [-34.9385492572476, -7.99503336392968], [-34.9385509424152, -7.99503549411076], [-34.9386119319933, -7.99498001265141], [-34.9389084320586, -7.99470386539859], [-34.9391854109825, -7.99447381155434], [-34.939444866404, -7.99424886730419], [-34.939617003878, -7.99409799161498], [-34.9396262462105, -7.99409161351672], [-34.9399426587496, -7.99387331044205], [-34.939952685732, -7.99386639164645], [-34.9402948114763, -7.99367827966553], [-34.9403477330893, -7.99365016096177], [-34.9405944930334, -7.99351904973781], [-34.9410544851193, -7.99342603973513], [-34.9412999200633, -7.99333952591993], [-34.9416647104707, -7.99320721410518], [-34.9416649494884, -7.99320712709693], [-34.9421846981424, -7.99301728412626], [-34.9421847298286, -7.99301727222464], [-34.9427790420852, -7.99279625085073], [-34.9433112739942, -7.99258548519501], [-34.9433317050321, -7.99257835377482], [-34.9435708925721, -7.9924948759993], [-34.9435821171885, -7.9924909583816], [-34.9438861222587, -7.99241067244807], [-34.9438862146475, -7.99241064760404], [-34.9438992924931, -7.99240719498422], [-34.9440119466893, -7.99240077602375], [-34.9443518032831, -7.99238141422146], [-34.944771996187, -7.99235747474722], [-34.9447984481744, -7.99236066812392], [-34.9451444177806, -7.99240364560594], [-34.9453130870664, -7.99243644614732], [-34.9456527151528, -7.99250615146408], [-34.9459635099434, -7.99258170586159], [-34.946188344446, -7.99263636272466], [-34.9468041596641, -7.99275757982248], [-34.9475517695953, -7.99290428099421], [-34.9481314967763, -7.99301440517244], [-34.9481383165379, -7.99301395715552], [-34.9482533683633, -7.99303694981295], [-34.9482929841194, -7.99304486601431], [-34.9483145022721, -7.9930491672723], [-34.9494444585975, -7.99327498310505], [-34.9504293813725, -7.99346651434318], [-34.950431282225, -7.99346688326225], [-34.950633353027, -7.99350617934892], [-34.9511223521028, -7.99359128825179], [-34.9511270166439, -7.99359209975628], [-34.9511953219209, -7.99360398725856], [-34.951203382429, -7.99360584588494], [-34.9512039208289, -7.99360597081308], [-34.9513340311552, -7.99363597824748], [-34.951336853878, -7.99363662939119], [-34.9515520163274, -7.99368625428234], [-34.9515767298955, -7.99369195238322], [-34.9515846254478, -7.99369364181952], [-34.9517639597763, -7.99373198967298], [-34.9517863241087, -7.99373934060863], [-34.9520804277639, -7.99383602040996], [-34.9521467650552, -7.9938578272067], [-34.9521591509355, -7.993862407351], [-34.952420400147, -7.99395902061616], [-34.9526257780159, -7.99408054027814], [-34.9529306014279, -7.99430352647195], [-34.9529433918582, -7.9943128816602], [-34.9530990637054, -7.99444021214088], [-34.9530991410977, -7.99444027596233], [-34.9532650284908, -7.99457596027283], [-34.9532835465873, -7.99458959614913], [-34.9534242275892, -7.99469319558948], [-34.9535007082249, -7.99476476623203], [-34.9535015663717, -7.99476556948788], [-34.9538877040458, -7.99512691152158], [-34.9539229947697, -7.99515728961894], [-34.9539246475949, -7.99515870838651], [-34.9541273810349, -7.99533321125732], [-34.954131525439, -7.99533677800397], [-34.9544515209925, -7.99561220692205], [-34.9549764605037, -7.99604160274538], [-34.9549832144215, -7.99604712975713], [-34.9552352541412, -7.99625329141469], [-34.956022598763, -7.9969306243079], [-34.9560354626102, -7.99694127180043], [-34.9565281733115, -7.99734903722214], [-34.9566012313416, -7.99741357893171], [-34.9567401137964, -7.99755901910378], [-34.9569450802296, -7.99773078373066], [-34.9573588527706, -7.99807301151312], [-34.9575309836669, -7.99821537905335], [-34.9575478863151, -7.99823081233011], [-34.9577272546568, -7.99837603205954], [-34.9578501534402, -7.99849416305164], [-34.9578934157596, -7.99853613611264], [-34.9580373131729, -7.99871096856153], [-34.9581088760965, -7.99883174853223], [-34.9581629925856, -7.9989719478239], [-34.9583250843831, -7.99933926788155], [-34.9585120368607, -8.00010216000433], [-34.9585817444866, -8.00037675902722], [-34.9585817509731, -8.00037678792583], [-34.9586766879509, -8.00075624026634], [-34.9587051067092, -8.00087169286198], [-34.9587285895951, -8.00094244310878], [-34.9587967484535, -8.00102122261839], [-34.9589230706908, -8.00123551527755], [-34.9590321443305, -8.00141645276755], [-34.959124126861, -8.00154784204091], [-34.9592451809889, -8.00165713225729], [-34.9593702891055, -8.00175482418804], [-34.9593781842481, -8.00175924183547], [-34.9594862327384, -8.00181969216974], [-34.9594874612971, -8.00182037973858], [-34.9596229555602, -8.00190891673323], [-34.9596246258576, -8.00190980651811], [-34.9597302357834, -8.00196610794044], [-34.959856307703, -8.0020204326609], [-34.9599104621636, -8.00202750820347], [-34.9600752294837, -8.0020539239006], [-34.9601903329004, -8.00207237843853], [-34.9603760393292, -8.0020985426812], [-34.9605232828939, -8.0021154920129], [-34.9607106946412, -8.00211648305862], [-34.9609288406199, -8.00210437216305], [-34.9612594134862, -8.00208376502945], [-34.9614292485863, -8.00206766879465], [-34.9614397974791, -8.00206678332813], [-34.961635386303, -8.00205038200526], [-34.9616578901892, -8.00204849498976], [-34.9618092786523, -8.0020531770932], [-34.962016816504, -8.00205899530068], [-34.962059083759, -8.0020660809525], [-34.9621396290708, -8.00207958142273], [-34.9622128793687, -8.00209922878603], [-34.9623118793984, -8.00213895904814], [-34.9623287354644, -8.00214572521632], [-34.9624373526644, -8.00219758264209], [-34.9626592745626, -8.00230289242779], [-34.9628349560492, -8.00238559492976], [-34.9628438731995, -8.00238979247645], [-34.962976117255, -8.00246137836225], [-34.9630254222079, -8.00248017392826], [-34.9630251201012, -8.00242426220054], [-34.9630277058731, -8.00211374506111], [-34.9631786440232, -7.99373908334066], [-34.9631129799107, -7.99282306028616], [-34.9631011492391, -7.99275061233085], [-34.9630290638772, -7.99230918293317], [-34.9630316373721, -7.99230095658229], [-34.962174398113, -7.99181375778884], [-34.9621868740386, -7.99181023697259], [-34.9622697364159, -7.99173875143281], [-34.962313567176, -7.99162801960586], [-34.9623573815452, -7.9915187957999], [-34.9623667522986, -7.99137504653738], [-34.962345711205, -7.99118131252849], [-34.9623007074927, -7.99088409083372], [-34.9622764414695, -7.99071710736224], [-34.9622588135516, -7.99059993584505], [-34.9622517101249, -7.99041817567113], [-34.9622866324952, -7.99022378449092], [-34.9623390123041, -7.99009457054595], [-34.9624039945421, -7.98999326512973], [-34.9625341083202, -7.9898217300347], [-34.9626905561407, -7.98961588533609], [-34.9628052157391, -7.98947239194012], [-34.9629385798265, -7.98932880880749], [-34.96304246306, -7.98921333490498], [-34.9631582135577, -7.98897194570757], [-34.9632134649283, -7.98879144265597], [-34.9632579614571, -7.98864362117328], [-34.9634313164974, -7.98838797468496], [-34.9637069951923, -7.98801686162039], [-34.963900753369, -7.9877906405379], [-34.9640572889848, -7.98760344109168], [-34.9640988984601, -7.98750380066467], [-34.964096760176, -7.98738261500361], [-34.9640798517731, -7.98702876844793], [-34.9640092231067, -7.9865521577522], [-34.963973784806, -7.9864399762824], [-34.9639646320081, -7.98639853870222], [-34.9637857670664, -7.98587943844343], [-34.9637264582982, -7.98565260305848], [-34.9637240883117, -7.98550849647574], [-34.963717090491, -7.98548701169805], [-34.9637012038547, -7.98513540036642], [-34.9636413166269, -7.98478743780299], [-34.9635134546783, -7.98451802826447], [-34.9634314844115, -7.98431653484239], [-34.9632602865742, -7.98398424226876], [-34.9630896202265, -7.98376298240858], [-34.9629625543961, -7.98366012047094], [-34.9628535093102, -7.98362026157006], [-34.9628281431648, -7.98361811821064], [-34.9627225534222, -7.98358358847707], [-34.9626111148841, -7.98351291933546], [-34.9624916279287, -7.98341855721834], [-34.9623560809857, -7.98328471665732], [-34.9622521632858, -7.9831269930735], [-34.9621721653095, -7.98299288801968], [-34.9621238975845, -7.98283744981936], [-34.9620588482936, -7.98260705021008], [-34.9619807140439, -7.98214813893126], [-34.9619464688157, -7.98186818994467], [-34.9619402979532, -7.98163605464532], [-34.9620401458692, -7.98134032890452], [-34.9621178253929, -7.98117340693029], [-34.9623030309658, -7.98072838871545], [-34.962347693472, -7.98053891194719], [-34.9623645698604, -7.98036218557358], [-34.9623385339458, -7.98021089723286], [-34.9623097243617, -7.98000915113355], [-34.9623284594104, -7.97969109868216], [-34.9623291603673, -7.97930751902046], [-34.9622858888868, -7.97872731327989], [-34.9622901092091, -7.97855064600198], [-34.9623501886308, -7.97840904390633], [-34.962448155052, -7.97824959719465], [-34.9625434931289, -7.97806997475843], [-34.9626009450539, -7.97790819693901], [-34.9626257045075, -7.97779199684493], [-34.9626221742007, -7.9775825613397], [-34.9625599279974, -7.97726993920475], [-34.9624806600386, -7.97710376135698], [-34.962356321327, -7.97704126301928], [-34.9623445651998, -7.97704178794196], [-34.962334197514, -7.9770352791573], [-34.9621912077561, -7.97700431358814], [-34.9620720258412, -7.97697323513216], [-34.9620116948664, -7.97693753742734], [-34.9620115458611, -7.97693690891951], [-34.9619808197374, -7.97686387224292], [-34.9619676340912, -7.97675289924784], [-34.9619647531582, -7.97667973060811], [-34.962094003074, -7.97617945980298], [-34.9624752037938, -7.97489822539595], [-34.9625974968197, -7.97453173446203], [-34.9626300187905, -7.97445082670351], [-34.9640453985368, -7.97398483507812], [-34.965506362899, -7.9735236703], [-34.9677305873753, -7.97280652380627], [-34.9687926660028, -7.9724527698567], [-34.9697728909625, -7.97268858056443], [-34.9707100912813, -7.97293049946856], [-34.9707592213191, -7.97294290326923], [-34.970860117127, -7.97240960090867], [-34.970934720692, -7.97201527224705], [-34.9709873200319, -7.97177664870306], [-34.97097175428, -7.97158223783975], [-34.9709443864563, -7.97137131118721], [-34.9708637392101, -7.97094700822066], [-34.970790389507, -7.97065830883693], [-34.9707899816529, -7.97065570533732], [-34.9707315776695, -7.97046354673745], [-34.9705767134506, -7.97017568246555], [-34.9704523998461, -7.96999280800912], [-34.9702630522739, -7.96982143020933], [-34.9701089165246, -7.96968569838189], [-34.9700962669208, -7.96967455838328], [-34.9699792626077, -7.96954316380908], [-34.9699686807244, -7.96953127989464], [-34.9693493131864, -7.96876586445896], [-34.9691196751902, -7.9684820773884], [-34.9689893703027, -7.96833960779712], [-34.9688443229632, -7.96814179776667], [-34.9688442755094, -7.96814173561333], [-34.9686019935949, -7.96784232124261], [-34.9679511672441, -7.96703801900395], [-34.9675933997192, -7.96659588234117], [-34.9669613039136, -7.96581471889818], [-34.9670279940532, -7.96575128775878], [-34.9678830709255, -7.9650813089884], [-34.9680327515267, -7.96496778149753], [-34.9680089598249, -7.96480915125932], [-34.9679597214032, -7.96456478145619], [-34.9679412461014, -7.96439673027341], [-34.9679717222964, -7.96425006597913], [-34.9679716651415, -7.96423524993112], [-34.9679711514185, -7.96410242441439], [-34.9679765316212, -7.9640668854573], [-34.9680027970562, -7.96389339476606], [-34.9680083513826, -7.96386887162036], [-34.9681376850739, -7.96363961510827], [-34.9680996826219, -7.96346642944965], [-34.9680820339367, -7.96344030959846], [-34.9680820037871, -7.96344007288299], [-34.9680153956887, -7.96334321278339], [-34.9680119033282, -7.96334091591773], [-34.9679683157164, -7.9632708544151], [-34.9680053422963, -7.96310695334969], [-34.9680868714745, -7.96302679300211], [-34.9681039522368, -7.96295032052242], [-34.9681356064032, -7.96280859756558], [-34.9682846192193, -7.96287384552985], [-34.9684690954004, -7.96270956827548], [-34.9684697076382, -7.96270902294532], [-34.9685234287903, -7.96281335275362], [-34.9685358508374, -7.962837476866], [-34.9686991943612, -7.96282502580725], [-34.9687499302531, -7.962657687603], [-34.9688997200283, -7.96260823518298], [-34.9689819645391, -7.96272001619623], [-34.9691188476064, -7.96277278058331], [-34.9691651794632, -7.96283165044834], [-34.9691869070169, -7.96285925700652], [-34.9690558286516, -7.9630401548985], [-34.9690407082789, -7.96309965014171], [-34.9690374582562, -7.96312036447194], [-34.9690614302287, -7.96319351585473], [-34.9690626627456, -7.96319391862853], [-34.9690707379681, -7.96321702099581], [-34.9691666711325, -7.96324994985539], [-34.9692815449916, -7.9631819675109], [-34.9693997007225, -7.96309994880513], [-34.9695016725574, -7.96314236483189], [-34.9695171423862, -7.96314879954345], [-34.9695208645248, -7.96336711558906], [-34.9694571694067, -7.9634929431105], [-34.9694558865482, -7.96350496750731], [-34.9694799091916, -7.96357674446041], [-34.9694857832962, -7.96359429561376], [-34.9695678080202, -7.96366000669973], [-34.9697969255069, -7.96367697387441], [-34.9699260110807, -7.96357818107334], [-34.9699502079595, -7.9635596634977], [-34.9699493898866, -7.96357538953427], [-34.9699188777232, -7.96372860463879], [-34.9699182931075, -7.96379297954643], [-34.9699531386912, -7.96386163672177], [-34.969941474496, -7.96388680363915], [-34.9698878363927, -7.96397999190633], [-34.9698715448289, -7.96414465420949], [-34.9697517874991, -7.96446059279702], [-34.9697422372838, -7.96448578764206], [-34.9698824274784, -7.96448583130152], [-34.9700173909966, -7.96428584396561], [-34.9703152445636, -7.96407089464229], [-34.9704022259969, -7.96410524253097], [-34.9706120415261, -7.96423052161989], [-34.9707084913557, -7.96432382834629], [-34.9707178516349, -7.96433288391511], [-34.9707744256592, -7.96445636801633], [-34.9707840113745, -7.96447729073479], [-34.9709442145464, -7.96449568311256], [-34.9710185696494, -7.96441942203503], [-34.9710716143977, -7.96435106591796], [-34.9710722906939, -7.96419499124535], [-34.9710652392847, -7.96418802840853], [-34.9710652381951, -7.96418780059587], [-34.9709929469497, -7.96412088012537], [-34.9708734744559, -7.96398878662132], [-34.9708798222215, -7.96396106664088], [-34.970892992144, -7.9639035641207], [-34.971105202884, -7.96393447974359], [-34.9712747242402, -7.96396701573017], [-34.9713251432766, -7.96390030387583], [-34.9715904146374, -7.9640148192742], [-34.9717053388521, -7.9639995171012], [-34.9717332927646, -7.96389268774508], [-34.9717189266705, -7.96388438827598], [-34.9716037042086, -7.96381782212939], [-34.9715491630866, -7.96372216838044], [-34.9715573179631, -7.96371412253789], [-34.97160695843, -7.96366514075715], [-34.9716700836809, -7.96365121946653], [-34.9716840902585, -7.96348486582585], [-34.971773071599, -7.96346869076917], [-34.9718249288159, -7.963558166392], [-34.9718254027734, -7.96355847783966], [-34.9718388356832, -7.96358231312564], [-34.9718896621139, -7.96361555611561], [-34.9719690462805, -7.96354934472994], [-34.9720569599555, -7.96360000481999], [-34.9721541158007, -7.963678430053], [-34.9723072642847, -7.96367997169757], [-34.9724023894159, -7.96381005150298], [-34.9724692213005, -7.96385683850957], [-34.9726037795049, -7.96378071666548], [-34.9727338877144, -7.96372618268989], [-34.9728205737616, -7.96375811947203], [-34.9728669267842, -7.96380840934643], [-34.9729973745795, -7.96382481443271], [-34.973133422472, -7.96375510854264], [-34.9731854021941, -7.96383203709566], [-34.9731863649602, -7.96383216269573], [-34.9731984668157, -7.96385223441279], [-34.9732653437822, -7.96378948784446], [-34.9733933458234, -7.96377541034857], [-34.9734001961653, -7.96377465722973], [-34.9734192537462, -7.96383132020805], [-34.9733910012721, -7.96391376909834], [-34.973391946677, -7.96391443539503], [-34.9733889580319, -7.96392453958231], [-34.9734794209696, -7.96399127904515], [-34.9735020788005, -7.96400799534756], [-34.9734555773585, -7.96410852053932], [-34.9735049621521, -7.96421506318228], [-34.973469157438, -7.96433859765857], [-34.973423934672, -7.96444973649996], [-34.9734242335471, -7.96451214350499], [-34.9734242921249, -7.96452437485485], [-34.9735379660334, -7.96459225498372], [-34.9736700889492, -7.96473530746644], [-34.9736895365206, -7.96475636394318], [-34.9736593140904, -7.96490065477453], [-34.9736580205856, -7.96490683189166], [-34.9738218250619, -7.96506951109776], [-34.973838783114, -7.96508635213491], [-34.9738394012649, -7.96511203018119], [-34.9738400814828, -7.96514025279704], [-34.9738284992583, -7.96523510439171], [-34.9738100617247, -7.96538608775883], [-34.9737817295111, -7.96549825818949], [-34.9737830853481, -7.96549865674318], [-34.9737775344548, -7.96551776287937], [-34.9739368045588, -7.96556375053297], [-34.9739998645157, -7.96549964784822], [-34.9740291100151, -7.96538769817356], [-34.974111712887, -7.96530265713846], [-34.9741052397687, -7.96527426141501], [-34.9741045390037, -7.96527412010584], [-34.9741045187026, -7.9652740469755], [-34.9740975808392, -7.9652491557047], [-34.9740620675614, -7.96512174345106], [-34.9740620532486, -7.96512159525707], [-34.9740447215179, -7.96494290712593], [-34.9740909702021, -7.96480876646239], [-34.9742081841752, -7.96467365598357], [-34.9743794921441, -7.96458692962228], [-34.9745614850159, -7.96474651415628], [-34.9745631573332, -7.96474691120067], [-34.9746499205683, -7.96487531783087], [-34.9747489993209, -7.96500571070209], [-34.9747490559038, -7.96500578546768], [-34.9747490306812, -7.96500714525929], [-34.9747630773101, -7.96502918748086], [-34.9749620273625, -7.96515710665124], [-34.9751711441028, -7.96515863723409], [-34.9752441564246, -7.96518797885623], [-34.9753489817713, -7.96511230788066], [-34.9754931178013, -7.96504150224159], [-34.9755766016084, -7.9651402808627], [-34.9756893183595, -7.96512458305451], [-34.9758017996203, -7.96492758818326], [-34.9759665582277, -7.96479667330675], [-34.9761064223025, -7.96475999986121], [-34.9761745199206, -7.96482158188061], [-34.9762486657364, -7.96482312333068], [-34.9763889129423, -7.96487238472774], [-34.9764743678994, -7.96499885700703], [-34.9764923018736, -7.96501968367255], [-34.9764809806281, -7.96509054445202], [-34.9764787672559, -7.96510439579425], [-34.9766247919634, -7.96516307942537], [-34.9766438402009, -7.96517005093867], [-34.9767076787847, -7.96524568106354], [-34.9767098316212, -7.96524907901421], [-34.9767260484077, -7.96526809041097], [-34.9767977058211, -7.96538472555511], [-34.9768046027615, -7.96539595153098], [-34.9769333028826, -7.96554189197901], [-34.9769847375645, -7.9655643877232], [-34.9770165813409, -7.96546569055641], [-34.9771537780479, -7.96541628073569], [-34.9771570117226, -7.96541511628494], [-34.9772483573766, -7.96556755215023], [-34.9772981788701, -7.965627667942], [-34.9773516087603, -7.96569213571677], [-34.9775989996984, -7.965878570125], [-34.9776895055652, -7.96598805459519], [-34.9778384100812, -7.96611873757722], [-34.9780361339203, -7.9662548721091], [-34.978040105445, -7.96625458375589], [-34.9781592545248, -7.96638902921548], [-34.9781592885636, -7.96638913030496], [-34.978178184008, -7.96640959246704], [-34.9782491044943, -7.96662417748974], [-34.9782540589693, -7.96663916896188], [-34.9784452144972, -7.96673160819088], [-34.9785249003615, -7.96682601228398], [-34.9785248990732, -7.96682612167836], [-34.978525611753, -7.96682685506501], [-34.9785278345357, -7.96682913979966], [-34.9786490769498, -7.96695376445959], [-34.9789033468234, -7.96703997799343], [-34.9789061617418, -7.96704093277544], [-34.9789182824705, -7.96706428940462], [-34.9790052658175, -7.96723190611328], [-34.9791023247884, -7.96738620887343], [-34.9791291145252, -7.96745764161174], [-34.9791294533118, -7.96745775209434], [-34.9791395381692, -7.96748204868329], [-34.9793681510614, -7.96755622598189], [-34.9793877387695, -7.96755654196542], [-34.9794401595124, -7.96740957227303], [-34.9795328524406, -7.96727672472858], [-34.9796343115389, -7.96717532643771], [-34.979867623176, -7.96717206498326], [-34.9799815081056, -7.96726599344447], [-34.9801161260857, -7.96734193017346], [-34.9803113958493, -7.96734028217253], [-34.9804706078933, -7.96730516727442], [-34.9804554176985, -7.96727998928748], [-34.9804365938229, -7.96724878971567], [-34.9804439905649, -7.96724341695825], [-34.9805675183918, -7.96715369170507], [-34.9807250771014, -7.96707349595322], [-34.9809043528006, -7.96703041272017], [-34.981023768176, -7.96699185181371], [-34.981074714847, -7.96697277459209], [-34.9812265083859, -7.96691593392045], [-34.9813409646011, -7.96689651604175], [-34.9814373674475, -7.96685734542328], [-34.9815707168211, -7.96693122380422], [-34.9816306078443, -7.966970615502], [-34.9817417624835, -7.96697105140001], [-34.9818560463868, -7.96691582726359], [-34.9820856486811, -7.96668473167891], [-34.9820903208103, -7.9666800291597], [-34.9821292071953, -7.96678572083875], [-34.9821326171067, -7.96679498895106], [-34.9821325270681, -7.96679587714192], [-34.9822452975395, -7.96691106311978], [-34.9824578944487, -7.96691101369961], [-34.9825737749318, -7.96698594347679], [-34.9826815339609, -7.9669868799239], [-34.9827954140434, -7.96694859363483], [-34.9828162155324, -7.96683333213482], [-34.9829919165044, -7.96683200796908], [-34.9830255502152, -7.96676071779288], [-34.9830262612331, -7.96660587532986], [-34.9831622678249, -7.96652586960654], [-34.9833011108406, -7.96654548006483], [-34.983362387699, -7.96665120003162], [-34.9833628132738, -7.96665087796795], [-34.9833760591929, -7.96667339550723], [-34.9834369849674, -7.96662520022182], [-34.9835603557417, -7.96654186743729], [-34.9836960834773, -7.96650492827987], [-34.9837729775262, -7.96644649522386], [-34.9837938751769, -7.96635107226749], [-34.9839752630381, -7.96636752362051], [-34.9839915099541, -7.96636899808434], [-34.9839924434208, -7.96646189645967], [-34.9840204898845, -7.96651715045224], [-34.9840311549493, -7.96653816335019], [-34.9841046250057, -7.96657506956043], [-34.9841615397365, -7.9665018462843], [-34.9842638318112, -7.96650084676793], [-34.9842814301644, -7.9665006748361], [-34.9842822908579, -7.96658823975523], [-34.9842823814472, -7.96659744507727], [-34.984370819651, -7.96668568372868], [-34.9843755370495, -7.96669038561538], [-34.9844025118113, -7.96674190019649], [-34.9844152175536, -7.96676616415117], [-34.9845467527581, -7.9667655344248], [-34.9847171493487, -7.96667084756694], [-34.9848047399562, -7.96666182359958], [-34.9849092638713, -7.96665105601646], [-34.984962974691, -7.96661644381764], [-34.9850034658116, -7.96655818579126], [-34.9851419894431, -7.96649703821031], [-34.9852042699062, -7.96655764363229], [-34.9852770729069, -7.96662848832817], [-34.9854466480638, -7.96666541853535], [-34.9854573633362, -7.96657246354485], [-34.9854628147534, -7.96649501801304], [-34.9856178219554, -7.96653056606209], [-34.9858635536703, -7.966456807876], [-34.9858863691911, -7.96643370635483], [-34.9858995362436, -7.96628727614588], [-34.9858926178227, -7.96626976114491], [-34.9858609148255, -7.96618949946667], [-34.9858609628144, -7.96615844306096], [-34.9858611979414, -7.96600855631188], [-34.9858545331503, -7.96598477154279], [-34.9858212037268, -7.96586583867829], [-34.985688941044, -7.96576850960967], [-34.985631733447, -7.96567739782888], [-34.9856308768259, -7.96564002566962], [-34.9856286425809, -7.96554260260965], [-34.9857289104882, -7.96548031375404], [-34.9858065224444, -7.96547799562437], [-34.9858825024204, -7.96544113052153], [-34.9859802563686, -7.96536376719381], [-34.9860568071865, -7.96534393308328], [-34.9861822531704, -7.96534422529979], [-34.9861935026923, -7.9653442518643], [-34.9862093901895, -7.96543032446218], [-34.9862140553354, -7.96545560231808], [-34.9863438255465, -7.96543697409364], [-34.9864000864354, -7.96536029585526], [-34.9865353569738, -7.96531898712231], [-34.9865357816589, -7.96531885761908], [-34.9865362679427, -7.96531852622179], [-34.9866602867073, -7.96523403791407], [-34.9867057623838, -7.96517785056201], [-34.9866951800812, -7.96516818565533], [-34.9866222188691, -7.96510155112579], [-34.986623151057, -7.9650526404113], [-34.9866238784405, -7.96501447960212], [-34.9866788865021, -7.96499452261643], [-34.9867175070733, -7.96491815670611], [-34.9868807308135, -7.96491633761072], [-34.9869051783099, -7.96493118125229], [-34.9869224750717, -7.96494878662065], [-34.9870610248103, -7.96489681708771], [-34.9871432441993, -7.96491404348638], [-34.9873069875029, -7.96491222173356], [-34.987415306587, -7.96495160731575], [-34.9875593040975, -7.9649514350431], [-34.9876188153775, -7.96489518034237], [-34.9877870553178, -7.96485550590181], [-34.987847353668, -7.96485469879534], [-34.9879650872874, -7.96479816400313], [-34.9879840434184, -7.96474054878614], [-34.9880346241979, -7.96466534500632], [-34.9881347583754, -7.96451646565738], [-34.9881965483956, -7.96439386498582], [-34.9883626211752, -7.96433606321687], [-34.9885358518349, -7.96429691787672], [-34.988556814828, -7.96418069654517], [-34.9886525501883, -7.96419785784314], [-34.9888403549515, -7.96408683182105], [-34.9889743928905, -7.96402648769351], [-34.989099981382, -7.96402505626248], [-34.9891981482823, -7.96394291081329], [-34.9891832836143, -7.9639230455645], [-34.9891378727158, -7.96386235533588], [-34.9891592849668, -7.9638403696862], [-34.9892465663299, -7.96375075131697], [-34.9893342694898, -7.9636250963099], [-34.9893247837297, -7.96360607403214], [-34.9892994141953, -7.96355519764029], [-34.9893068856797, -7.96353134876333], [-34.989319072613, -7.96349244868312], [-34.9893407806514, -7.96342316009048], [-34.9894356582939, -7.96334890811871], [-34.9895050636438, -7.96325321905266], [-34.9895108113543, -7.96323785191097], [-34.9895055457962, -7.96320882710031], [-34.9894877061164, -7.96311050007249], [-34.9894873196322, -7.96303043748781], [-34.9894493440348, -7.96291020569486], [-34.9893943854822, -7.96277818816915], [-34.9893980078273, -7.96274690494199], [-34.9894503189633, -7.96259948889571], [-34.9895478205419, -7.96254246509913], [-34.9896500523912, -7.96248267486432], [-34.9897155504888, -7.9626046088674], [-34.9897125080143, -7.96274210277936], [-34.9897122079568, -7.96275564928629], [-34.9897361089117, -7.96277939736451], [-34.9897715976909, -7.96281465960629], [-34.9898268305094, -7.96286953855778], [-34.9899317774747, -7.96286197000885], [-34.9900264611593, -7.96268486842484], [-34.9900397010858, -7.96266010320749], [-34.9901036620031, -7.96254046718793], [-34.9901418413566, -7.96246905373827], [-34.9901367405869, -7.96243828970483], [-34.9901249567892, -7.96236721726078], [-34.9901211838477, -7.96201401501716], [-34.9901027589368, -7.96179804504332], [-34.9901558500822, -7.96168020959406], [-34.9902501203672, -7.96161831855085], [-34.9904578936694, -7.96163778872513], [-34.9905368369102, -7.96174685248778], [-34.9905563725135, -7.96177627165142], [-34.9905721719675, -7.96188718884528], [-34.9906146304715, -7.96195696954035], [-34.9906295769271, -7.96197669060679], [-34.9907083363829, -7.96203772324945], [-34.9908044292542, -7.9620537297977], [-34.9909891675589, -7.9621111664027], [-34.9911003237619, -7.96211063278331], [-34.9912492510772, -7.96209276385588], [-34.9913269278877, -7.96207214972182], [-34.9914593350048, -7.96205401651143], [-34.9915588706859, -7.96199898951389], [-34.9915640816097, -7.96186653612716], [-34.9916629919475, -7.96182454820572], [-34.9917752366578, -7.9616932966927], [-34.9918742480516, -7.96167223649757], [-34.9919901509263, -7.96172828738702], [-34.9921027569297, -7.96167182520743], [-34.9922551035894, -7.96165132238357], [-34.9924487365545, -7.96164997370074], [-34.9925171057616, -7.96164949791052], [-34.9925838853393, -7.96164903245771], [-34.9927156621992, -7.96166922364518], [-34.9928518433468, -7.96164867080649], [-34.9930228849808, -7.96166658493146], [-34.993092003792, -7.96168367159827], [-34.9931044931, -7.96168675940601], [-34.9931223126676, -7.96185636602553], [-34.993124502419, -7.96187881967652], [-34.9931560699398, -7.96189602891679], [-34.9932955320382, -7.96197205455323], [-34.9934172451538, -7.96192328132347], [-34.9934853278436, -7.96189599962453], [-34.9935177988063, -7.96184106674702], [-34.9935420746629, -7.96179999673626], [-34.9936231517696, -7.96176268476227], [-34.9937538083378, -7.96170255728452], [-34.9939152651528, -7.96167087788818], [-34.9939469150229, -7.96166424296018], [-34.9939871391075, -7.96170393796195], [-34.9940069370957, -7.96172306872119], [-34.9940250486602, -7.9617405703941], [-34.9940779361676, -7.96177566447961], [-34.9940952822142, -7.96178676027878], [-34.9941394073404, -7.96181498519694], [-34.994174826487, -7.96186243360639], [-34.9941885503742, -7.96188021943677], [-34.9942188663168, -7.96191951003077], [-34.9942476796583, -7.96195711641205], [-34.9942488506192, -7.96195866570767], [-34.9942557860112, -7.96196783806399], [-34.994261276111, -7.96198248673085], [-34.9942634459638, -7.9619888189486], [-34.9942858243441, -7.96205414569885], [-34.9942958584883, -7.96208395654648], [-34.9943376338377, -7.9620838352238], [-34.9943984678006, -7.96208365750716], [-34.994428807251, -7.96208356947036], [-34.9944561315123, -7.96206137259285], [-34.9945245324787, -7.96200580673385], [-34.9945659880343, -7.96201137596673], [-34.9946514390149, -7.96202285477455], [-34.9946610213873, -7.96202414212921], [-34.9946796854114, -7.96212094320992], [-34.9946273976089, -7.96221016806062], [-34.9946232178345, -7.96221706328381], [-34.9946626343825, -7.9622660093603], [-34.9946992332158, -7.96231079238064], [-34.9947161419012, -7.96231901453952], [-34.9948072299313, -7.96236330765627], [-34.9948159551508, -7.9623675507741], [-34.994831961228, -7.96243023219968], [-34.9948356771259, -7.96244478451901], [-34.9948927158359, -7.96251951089557], [-34.9949365895982, -7.96260594173319], [-34.994949790255, -7.96263346007546], [-34.9949710298066, -7.96265438374797], [-34.9949811174585, -7.96266432200006], [-34.9950324514094, -7.96271489489203], [-34.9950557511475, -7.9627378490345], [-34.9950619945367, -7.96274399892276], [-34.9950662989402, -7.96274823889112], [-34.9950750454279, -7.96276118224669], [-34.9950952377395, -7.96281566749581], [-34.9950996297677, -7.96282751803853], [-34.9951080610474, -7.96283529187929], [-34.9952202328831, -7.96283739288165], [-34.99522967478, -7.9628375698458], [-34.9953061151986, -7.96283678441219], [-34.995387585568, -7.96283594764199], [-34.9954402366101, -7.96272363124214], [-34.9955474401795, -7.96268459395821], [-34.9956799067391, -7.96268517154132], [-34.9957110416801, -7.96268530738633], [-34.9956732218102, -7.96285508463876], [-34.9956363614888, -7.96296009105311], [-34.9956306519368, -7.96297635754592], [-34.9957056096588, -7.96301451827342], [-34.9957402315564, -7.96302891912975], [-34.9958115201235, -7.96302941498357], [-34.995907872588, -7.96303008490805], [-34.9959198385714, -7.96290731305363], [-34.9960373446317, -7.96283625609366], [-34.9961968284556, -7.96278066201019], [-34.9963222289624, -7.96271739856337], [-34.9964608755358, -7.96268540213193], [-34.9966336432651, -7.96266890543435], [-34.9967357900219, -7.96267102446737], [-34.9968615951426, -7.96269130533525], [-34.997052834054, -7.9627034385981], [-34.9973590853881, -7.96267063384967], [-34.9974454565364, -7.96265977456433], [-34.9976339111123, -7.96263798116376], [-34.9976941062076, -7.96262985873835], [-34.9977282527214, -7.96265057993887], [-34.9978523627734, -7.96286145605752], [-34.9978896470717, -7.96298920497436], [-34.9978979837035, -7.96308837519304], [-34.9979772829985, -7.9632394190782], [-34.9980748005466, -7.96336687774466], [-34.9981720387682, -7.96343690052022], [-34.99828515573, -7.96354078653724], [-34.9983719561797, -7.96368575887295], [-34.9984415295671, -7.96374171807855], [-34.9985264164951, -7.96377969021961], [-34.998616251666, -7.96377925723455], [-34.9987162783948, -7.9637634229661], [-34.998821350787, -7.96372965201851], [-34.9988905155574, -7.96370117182307], [-34.9989649493983, -7.96370081300829], [-34.9990394213773, -7.96370813006467], [-34.99916035337, -7.96376895830466], [-34.9993301282254, -7.96384490403886], [-34.9994508368171, -7.9638596750444], [-34.9995431885696, -7.96384899436199], [-34.9996918212367, -7.96379966011409], [-34.9997686359907, -7.9637609075359], [-34.9998530511291, -7.96370164848461], [-34.9999120348783, -7.96369112865729], [-34.9999608395358, -7.96369856933582], [-35.0002254951223, -7.96375614562574], [-35.0003383921337, -7.96374792405685], [-35.0003997815743, -7.9637041281138], [-35.0004379715356, -7.96363997428456], [-35.0004760372767, -7.96355023267433], [-35.0005244807948, -7.96348347008789], [-35.0005807873153, -7.96344993400446], [-35.0006524932781, -7.96341632362007], [-35.0007293566171, -7.96338780601813], [-35.0007728165946, -7.96335177260712], [-35.0008183841164, -7.96322105429864], [-35.0010099456646, -7.96288259039582], [-35.0010092205887, -7.96287725383029], [-35.0011137094388, -7.96272322122967], [-35.0011185447199, -7.96266178671243], [-35.0011517501349, -7.96262836205702], [-35.0011562814698, -7.96262516797526], [-35.001177329472, -7.96261032722085], [-35.0012081052726, -7.96260506104112], [-35.001256872511, -7.96260482571467], [-35.0013106728895, -7.96258409630389], [-35.0013311072544, -7.96256352699965], [-35.0013308836146, -7.96251746992116], [-35.0012971315555, -7.96243830930725], [-35.0012840375102, -7.96238463827532], [-35.0012812342822, -7.96233603435402], [-35.0012886739893, -7.96228226333204], [-35.0013116870357, -7.9622642408774], [-35.0013399080577, -7.96226154540734], [-35.0013836039402, -7.96227412918358], [-35.0014530282191, -7.96229938162102], [-35.0015428619994, -7.96229894808657], [-35.0015890380751, -7.96229360756224], [-35.0016274265603, -7.96227039321566], [-35.0016555605981, -7.9622497876462], [-35.0016811026048, -7.96222407600896], [-35.0017065709609, -7.96218301261307], [-35.0017063845669, -7.9621446314211], [-35.0017137860358, -7.96208318453331], [-35.0017289253836, -7.96202937635662], [-35.0017518638346, -7.96199600122836], [-35.0018183490111, -7.96194450452145], [-35.0018951507349, -7.96190319245319], [-35.0020386488407, -7.96185388328442], [-35.0021129082066, -7.9618177011283], [-35.0021282090648, -7.96179715658321], [-35.002143509926, -7.96177661294184], [-35.0021870938954, -7.96176616720832], [-35.0022306272387, -7.96174548637315], [-35.0022535789701, -7.9617146704538], [-35.002271209926, -7.96164549723628], [-35.0022709240645, -7.96158664675712], [-35.0022318148299, -7.96146145396743], [-35.0022212745606, -7.96140521136985], [-35.0022209390017, -7.96133612578595], [-35.0022386693896, -7.96128742277561], [-35.0022511678338, -7.96121827433673], [-35.0022766476064, -7.96117976926126], [-35.0023047939663, -7.9611617219967], [-35.0023355944854, -7.96116157331414], [-35.0024024150365, -7.9611791621401], [-35.0024537607586, -7.96118147355351], [-35.0025025526509, -7.96118635567275], [-35.0025666444531, -7.96117069323966], [-35.0026178658652, -7.96114741688328], [-35.0026716917228, -7.96113180400003], [-35.0027357719819, -7.96111358321729], [-35.0027895099026, -7.96108005935442], [-35.0027944195589, -7.96103397752806], [-35.0027760676885, -7.96095474271165], [-35.0027604685492, -7.9609138775755], [-35.002773128511, -7.960877993668], [-35.0028396382316, -7.96083161351642], [-35.0028803938552, -7.96076744722348], [-35.0029262082855, -7.96068790259188], [-35.0029489228092, -7.96060847040098], [-35.0029408004781, -7.96052151014884], [-35.0029250646091, -7.96045249894998], [-35.00290166638, -7.96039120079652], [-35.0029295516051, -7.96031941969519], [-35.0029678030858, -7.96026805921918], [-35.0029907040607, -7.96022700729349], [-35.0030291047047, -7.96020635210877], [-35.0031084349258, -7.96015735166124], [-35.0031518570684, -7.96011364226093], [-35.0031601706008, -7.96010407824585], [-35.0031875919844, -7.96007252926402], [-35.0032231643631, -7.95999815175425], [-35.0032511862767, -7.95995451761771], [-35.0033176958013, -7.9599081374379], [-35.0034380682645, -7.95985382199375], [-35.0034560222754, -7.95985117600402], [-35.0038757911897, -7.95908150950011], [-35.0042238745615, -7.95887768265236], [-35.0023146510106, -7.95264683950784], [-35.001013057914, -7.9482971599397], [-35.0010344802952, -7.94828896484254], [-35.0009097706281, -7.94798796512579], [-35.0010795852621, -7.94794091457784], [-35.0012493251461, -7.94787845163338], [-35.0014036062575, -7.9478160640039], [-35.0015191685678, -7.94773845196906], [-35.0015884685784, -7.94768417866142], [-35.0017119833616, -7.94765276183554], [-35.0018204512081, -7.9477061777849], [-35.0018593202782, -7.94775222405963], [-35.0019675266685, -7.94775170268057], [-35.0021221073429, -7.94775095780389], [-35.0022223228387, -7.9476965363351], [-35.0023303423761, -7.94765748811698], [-35.0024695025557, -7.94766452242225], [-35.0025702784756, -7.94772568111368], [-35.0026788585135, -7.9478022139349], [-35.002748419933, -7.94780187862566], [-35.0029570285128, -7.94778546121611], [-35.0031965535316, -7.94776889554796], [-35.0032892637635, -7.94776074265044], [-35.003312488276, -7.94776833655509], [-35.0033738717238, -7.9476755735521], [-35.0034123680034, -7.94764456618954], [-35.0035360320396, -7.94764396987266], [-35.0037055468647, -7.94753527452912], [-35.0040836324059, -7.94740245642147], [-35.0042148386699, -7.94736329593475], [-35.0043303618433, -7.94727797758127], [-35.0044381565428, -7.94719269649019], [-35.0046468028531, -7.94718398402055], [-35.0048706067063, -7.94711355398358], [-35.0050787656653, -7.94700467265732], [-35.0053023457142, -7.94688801004837], [-35.0054408310223, -7.94675634719922], [-35.0057639892176, -7.94645427091193], [-35.0060113545443, -7.94646078270958], [-35.0061508500214, -7.94653716440086], [-35.006305392415, -7.94652871329282], [-35.0064672514049, -7.94643546491047], [-35.0074473331114, -7.94612250928393], [-35.0077251723618, -7.94606560429406], [-35.0079572583388, -7.94608151813124], [-35.0082586130631, -7.94606465106682], [-35.0084517247317, -7.9460406010909], [-35.0086446106117, -7.94597031875146], [-35.0089100806318, -7.94591930810963], [-35.0094670651261, -7.94571309697439], [-35.0100923444059, -7.94555811290907], [-35.0080245247468, -7.94025712625933], [-35.0062504454896, -7.93570316086728], [-35.0052806300947, -7.93323476391413], [-35.0046423202496, -7.93159728604099], [-35.003448690168, -7.92855045749474], [-35.0030923298465, -7.92765435546707], [-35.0029286709116, -7.9272361557223], [-35.0029299020258, -7.92723235471211], [-35.0028237529862, -7.92649693219865], [-35.0027862328582, -7.92649960769899], [-35.0027089684475, -7.92656234594745], [-35.0026695249045, -7.9266847758353], [-35.002602762705, -7.92684974571361], [-35.002465832528, -7.92699260150179], [-35.0022712073445, -7.92710579786876], [-35.002021643022, -7.92724171057577], [-35.0018642603736, -7.92729485610085], [-35.0016457646232, -7.92730621927932], [-35.0016464394913, -7.92744580638983], [-35.0016874092115, -7.92750937302446], [-35.001706755786, -7.92758497488123], [-35.0017144781651, -7.92767227823884], [-35.0017148300755, -7.92774506042401], [-35.0016988896985, -7.92776988378771], [-35.0016493464935, -7.92779050130617], [-35.0015676761832, -7.92780981773788]]]}}, {"type": "Feature", "properties": {"name": null, "description": null}, "geometry": {"type": "Polygon", "coordinates": [[[-34.934760937433, -7.99807980218815], [-34.9347624411301, -7.99808095323915], [-34.9348340416629, -7.99813579322718], [-34.9348375674022, -7.99813838943015], [-34.9349104449586, -7.9981920815933], [-34.9349929413155, -7.99827687430988], [-34.9349993111484, -7.99828253007093], [-34.9351242703338, -7.99840918136701], [-34.9351242903799, -7.99840920116235], [-34.9352883419177, -7.99857206105949], [-34.9353424150343, -7.99860075821061], [-34.9354158556668, -7.99863074325872], [-34.9355044635191, -7.99865100639745], [-34.9355490125014, -7.99866002256109], [-34.9356442808508, -7.99867930247401], [-34.9357647297693, -7.9987063097113], [-34.9359128714809, -7.99874007959464], [-34.935971099425, -7.99877013675677], [-34.9360432286095, -7.99881529245532], [-34.9360657293327, -7.99883497130796], [-34.936140440622, -7.99890030967325], [-34.9362152173487, -7.99899872620513], [-34.9362197648979, -7.99900471142569], [-34.9362602157211, -7.99907758751058], [-34.9362972775695, -7.99920893571707], [-34.9362972867924, -7.99920896821983], [-34.9363010058071, -7.99922214999069], [-34.9363558980082, -7.99942454746478], [-34.9363981363213, -7.99958288906795], [-34.9364723060109, -7.99976727318347], [-34.9365532700948, -7.99995711663067], [-34.9366945821899, -8.00027080012882], [-34.9367389389034, -8.00040790267463], [-34.9367389600786, -8.00040796947535], [-34.9367581135888, -8.00046764400264], [-34.9367801998425, -8.00053646827291], [-34.9367930761223, -8.00062739560407], [-34.9367919404144, -8.00067978822505], [-34.9367761225691, -8.00074763946444], [-34.9367350824911, -8.00084295580908], [-34.936686330159, -8.0009375986534], [-34.9366363273891, -8.00101712251704], [-34.9365592968193, -8.00110571519034], [-34.9364849412224, -8.001174993724], [-34.9364201099572, -8.00121114185177], [-34.9363359110513, -8.0012460021405], [-34.9362503476748, -8.00128500396589], [-34.9361371638, -8.0013324074415], [-34.9360695412104, -8.00136305388024], [-34.9359731288831, -8.00144760134002], [-34.935901597812, -8.00152927381821], [-34.9358260932007, -8.001648188518], [-34.9357506145747, -8.00177261692802], [-34.935680504613, -8.00186255483635], [-34.9356762835792, -8.00187118395544], [-34.9356745662319, -8.00187338615282], [-34.9356225142221, -8.001979782689], [-34.9356020530982, -8.00203064047664], [-34.935554164643, -8.00214967155693], [-34.9355297071171, -8.00224215273831], [-34.9355155873299, -8.00247382451328], [-34.9354874685689, -8.0026697179327], [-34.9354421651786, -8.00275365048845], [-34.935436740061, -8.00276370100644], [-34.935366707977, -8.00287018186793], [-34.9352911314608, -8.00297393135495], [-34.9352167493101, -8.00303769607049], [-34.9351422695471, -8.00308078185718], [-34.9350525378279, -8.00311566794019], [-34.9349489892657, -8.0031533761614], [-34.9348774597427, -8.00318319461493], [-34.9348620292484, -8.00318962699632], [-34.9347737716103, -8.00324380681505], [-34.934689650161, -8.00329520985752], [-34.9345422156369, -8.00341170341111], [-34.93440450158, -8.00353642348185], [-34.9340563859187, -8.00391579260175], [-34.9340380726504, -8.00393290272455], [-34.9340518336942, -8.00396189279806], [-34.9341251801411, -8.00414569268094], [-34.9341523066956, -8.00427170220986], [-34.9341539257745, -8.00434037037029], [-34.9342554529565, -8.00459598291432], [-34.9343030664061, -8.00484876080392], [-34.9340249282854, -8.0051176400734], [-34.9337652641989, -8.00535817906895], [-34.9336680011951, -8.00545475153519], [-34.9336036677571, -8.00553568768422], [-34.9334888873369, -8.0057600646611], [-34.9334211406654, -8.00594035727433], [-34.933379876933, -8.00611020506269], [-34.9333798200494, -8.00623505196387], [-34.9333802252323, -8.00628345869281], [-34.9333812964298, -8.00641114898912], [-34.9333836005966, -8.00648854715264], [-34.9334165337391, -8.00660996403285], [-34.9334992668799, -8.00686279171099], [-34.9335231243923, -8.00694273772458], [-34.9335583928632, -8.00704988393947], [-34.9336008424757, -8.00713160785932], [-34.933636191776, -8.00721723713035], [-34.9336923286898, -8.00745664299932], [-34.9336947455876, -8.00755790951723], [-34.9336855488298, -8.00766533105577], [-34.933675486433, -8.00772730520569], [-34.9336757390607, -8.00778084587148], [-34.9336903879094, -8.00786820851022], [-34.9337308425166, -8.0079386283769], [-34.9338258680769, -8.00805300616097], [-34.9338938690148, -8.0082010538376], [-34.9339104289622, -8.00839316322912], [-34.9339338344876, -8.00857887957243], [-34.933944489738, -8.00878108511784], [-34.9339458782842, -8.00888273613837], [-34.9341746947735, -8.00895777101885], [-34.9346365798251, -8.00907576979441], [-34.934707754182, -8.00906906862115], [-34.9347438761503, -8.00908236145279], [-34.935030974844, -8.00927403847756], [-34.9350478157111, -8.00932268806493], [-34.9352826109384, -8.00959408852489], [-34.9354188160061, -8.0097627128989], [-34.9355047112651, -8.00986905519497], [-34.9355297219179, -8.00992110090156], [-34.9355391622816, -8.00999533922033], [-34.9354980025301, -8.01013171122281], [-34.9354294063796, -8.01023168093151], [-34.9355115873861, -8.01031433810545], [-34.9356776054356, -8.01013524014109], [-34.9357351225702, -8.01007321228867], [-34.9358131623263, -8.00998905715815], [-34.9359388252294, -8.00985386238603], [-34.9359530178805, -8.00983859406143], [-34.9359886249221, -8.00980028569556], [-34.9361401562409, -8.00963726014239], [-34.9362378150226, -8.00952693357083], [-34.9365412226399, -8.0091841737838], [-34.936854962811, -8.00876562001937], [-34.9370174128073, -8.00852977655416], [-34.9371681646787, -8.00823332051018], [-34.9373148070387, -8.00787242736968], [-34.937445985211, -8.00745852349108], [-34.9375542504143, -8.00702576922707], [-34.9378045234202, -8.00618395663542], [-34.9379008563396, -8.00537749429866], [-34.9380633406619, -8.00432082164095], [-34.9382456125972, -8.00302198831803], [-34.9383432553832, -8.00242053603553], [-34.9385217575829, -8.0012093668572], [-34.9387066519739, -8.00017172992774], [-34.9388038034443, -7.99975981597574], [-34.9389810538647, -7.99917051206234], [-34.9392325833267, -7.99835131456896], [-34.9392858071113, -7.99809647664424], [-34.9393343532197, -7.99773732290547], [-34.9393654797263, -7.99723635064796], [-34.9393428903823, -7.99688587629094], [-34.939303986088, -7.99662729788174], [-34.9392061711598, -7.99630639391295], [-34.9390873244165, -7.99596472033227], [-34.9389265528652, -7.99561072321477], [-34.9386438711516, -7.99515295756973], [-34.9385509424152, -7.99503549411076], [-34.9385492572476, -7.99503336392969], [-34.9385181925135, -7.99499409744672], [-34.9384248780523, -7.99488270467078], [-34.9381383461823, -7.99449590760975], [-34.9379614903166, -7.9942824165974], [-34.9378910532252, -7.99438881706459], [-34.9377643400811, -7.9945795821219], [-34.9376441165297, -7.99477930936337], [-34.937558287554, -7.99489278662523], [-34.9374454374609, -7.99501666881524], [-34.9373852012439, -7.99509019154898], [-34.9373263923186, -7.99519326295876], [-34.9372536281212, -7.99534394046447], [-34.9371986698375, -7.99544313711228], [-34.9371153140755, -7.99553475805217], [-34.9369983861842, -7.99561368798136], [-34.9368646699233, -7.99568627148772], [-34.9367259320793, -7.99578714651475], [-34.9366411600844, -7.99585178978858], [-34.9364613079922, -7.99598112553333], [-34.9363598948902, -7.9960702617143], [-34.936196920055, -7.99622521785621], [-34.9360045879694, -7.99644198807078], [-34.9358047457295, -7.99670633503282], [-34.9356754120168, -7.99688811674991], [-34.9356075501056, -7.99698480446772], [-34.9355372543285, -7.99711234094128], [-34.935486126554, -7.99724503743369], [-34.9354334720949, -7.99738575101896], [-34.9354132455576, -7.99748075543299], [-34.935410049483, -7.99761093189373], [-34.9354136555191, -7.99768304691999], [-34.9354044953574, -7.99770207231731], [-34.9352931948898, -7.99775194545491], [-34.9351857462058, -7.99781047945833], [-34.9350565260864, -7.99790953853031], [-34.9350244385454, -7.9979307100073], [-34.9350033820969, -7.99793744806456], [-34.9349745412916, -7.99794090199773], [-34.9349479154134, -7.99794323898556], [-34.9349337275246, -7.99794638377752], [-34.9349224143588, -7.99794889130023], [-34.9348129421709, -7.9980357000361], [-34.9347980699064, -7.99804777106796], [-34.9347828028247, -7.99806016398534], [-34.934760937433, -7.99807980218815]]]}}]}
